idna_subject,checker_type,destination,source,tested_at,session_id
plus,AVAILABILITY,origin.list,origin.list,2022-03-27 05:35:11.953274,62297716cca955603de08dd6
||964aa09226.866e69bc8e.com^,AVAILABILITY,origin.list,origin.list,2022-03-27 05:35:15.680339,62297716cca955603de08dd6
||ihqfiimrbcf.com^$xmlhttprequest,AVAILABILITY,origin.list,origin.list,2022-03-27 05:35:26.661198,62297716cca955603de08dd6
||ihqfiimrbcf.com^$popup,AVAILABILITY,origin.list,origin.list,2022-03-27 05:35:29.927204,62297716cca955603de08dd6
||earn-bitcoins.net^$third-party,AVAILABILITY,origin.list,origin.list,2022-03-27 05:35:31.917889,62297716cca955603de08dd6
||hedgehoghugsyou.com^,AVAILABILITY,origin.list,origin.list,2022-03-27 05:35:34.634788,62297716cca955603de08dd6
||qprskl.com^,AVAILABILITY,origin.list,origin.list,2022-03-27 05:35:51.914484,62297716cca955603de08dd6
||p.eeco.xyz^$xmlhttprequest,AVAILABILITY,origin.list,origin.list,2022-03-27 05:35:54.147686,62297716cca955603de08dd6
"||gerwen.info^$popup,domain=ganool.is|ganool.ph",AVAILABILITY,origin.list,origin.list,2022-03-27 05:36:03.566426,62297716cca955603de08dd6
"@@||bloggerku.com/safelink/2.0/script.js?$script,domain=animanganews.com|maulandaru.com|njiir.com|razorlink.us|teknorizen.blogspot.com",AVAILABILITY,origin.list,origin.list,2022-03-27 05:36:14.134677,62297716cca955603de08dd6
||nekonime.best/iklan/$image,AVAILABILITY,origin.list,origin.list,2022-03-27 05:36:18.092407,62297716cca955603de08dd6
||onicdn.xyz/adam/poker88,AVAILABILITY,origin.list,origin.list,2022-03-27 05:36:21.122845,62297716cca955603de08dd6
aplikasipc.com,AVAILABILITY,origin.list,origin.list,2022-03-27 05:36:27.296087,62297716cca955603de08dd6
eramuslim.com,AVAILABILITY,origin.list,origin.list,2022-03-27 05:36:27.323035,62297716cca955603de08dd6
digikala.com,AVAILABILITY,origin.list,origin.list,2022-03-27 05:36:27.876232,62297716cca955603de08dd6
animanganews.com,AVAILABILITY,origin.list,origin.list,2022-03-27 05:36:28.338684,62297716cca955603de08dd6
filmdewasaku.org,AVAILABILITY,origin.list,origin.list,2022-03-27 05:36:31.125627,62297716cca955603de08dd6
layarlebar21.org,AVAILABILITY,origin.list,origin.list,2022-03-27 05:36:39.452627,62297716cca955603de08dd6
mangalist.org,AVAILABILITY,origin.list,origin.list,2022-03-27 05:36:39.821532,62297716cca955603de08dd6
layarlebarxxi.com,AVAILABILITY,origin.list,origin.list,2022-03-27 05:36:41.048119,62297716cca955603de08dd6
maulandaru.com,AVAILABILITY,origin.list,origin.list,2022-03-27 05:36:46.258178,62297716cca955603de08dd6
sporcle.com,AVAILABILITY,origin.list,origin.list,2022-03-27 05:36:49.561113,62297716cca955603de08dd6
short.awsubs.co,AVAILABILITY,origin.list,origin.list,2022-03-27 05:36:51.319148,62297716cca955603de08dd6
oomph.co.id,AVAILABILITY,origin.list,origin.list,2022-03-27 05:36:51.726463,62297716cca955603de08dd6
qqcinema21.com,AVAILABILITY,origin.list,origin.list,2022-03-27 05:36:56.388057,62297716cca955603de08dd6
totolink.id,AVAILABILITY,origin.list,origin.list,2022-03-27 05:37:01.347374,62297716cca955603de08dd6
giladrakor.com,AVAILABILITY,origin.list,origin.list,2022-03-27 05:37:03.188893,62297716cca955603de08dd6
woof.tube,AVAILABILITY,origin.list,origin.list,2022-03-27 05:37:04.161590,62297716cca955603de08dd6
wowkeren.com,AVAILABILITY,origin.list,origin.list,2022-03-27 05:37:09.780228,62297716cca955603de08dd6
indogamers.com,AVAILABILITY,origin.list,origin.list,2022-03-27 05:37:11.746657,62297716cca955603de08dd6
utusan.com.my,AVAILABILITY,origin.list,origin.list,2022-03-27 05:37:14.931624,62297716cca955603de08dd6
lihat.co.id,AVAILABILITY,origin.list,origin.list,2022-03-27 05:37:15.870806,62297716cca955603de08dd6
chip.co.id,AVAILABILITY,origin.list,origin.list,2022-03-27 05:37:15.988143,62297716cca955603de08dd6
motorplus-online.com,AVAILABILITY,origin.list,origin.list,2022-03-27 05:37:22.313885,62297716cca955603de08dd6
mangacanblog.com,AVAILABILITY,origin.list,origin.list,2022-03-27 05:37:23.338035,62297716cca955603de08dd6
139.99.33.192,AVAILABILITY,origin.list,origin.list,2022-03-27 05:37:24.410552,62297716cca955603de08dd6
detik.com,AVAILABILITY,origin.list,origin.list,2022-03-27 05:37:26.430830,62297716cca955603de08dd6
premierexxi.com,AVAILABILITY,origin.list,origin.list,2022-03-27 05:37:34.007944,62297716cca955603de08dd6
kontan.co.id,AVAILABILITY,origin.list,origin.list,2022-03-27 05:37:35.398643,62297716cca955603de08dd6
downloadfilmbaru.com,AVAILABILITY,origin.list,origin.list,2022-03-27 05:37:36.054910,62297716cca955603de08dd6
dapurpacu.com,AVAILABILITY,origin.list,origin.list,2022-03-27 05:37:37.449424,62297716cca955603de08dd6
tvkabel.net,AVAILABILITY,origin.list,origin.list,2022-03-27 05:37:40.144023,62297716cca955603de08dd6
unixmen.com,AVAILABILITY,origin.list,origin.list,2022-03-27 05:37:44.245702,62297716cca955603de08dd6
zonabola.com,AVAILABILITY,origin.list,origin.list,2022-03-27 05:37:46.469674,62297716cca955603de08dd6
indotelko.com,AVAILABILITY,origin.list,origin.list,2022-03-27 05:37:50.533382,62297716cca955603de08dd6
tempointeraktif.com,AVAILABILITY,origin.list,origin.list,2022-03-27 05:37:53.350780,62297716cca955603de08dd6
duniaku.net,AVAILABILITY,origin.list,origin.list,2022-03-27 05:37:58.156207,62297716cca955603de08dd6
panduanpercuma.info,AVAILABILITY,origin.list,origin.list,2022-03-27 05:37:58.900186,62297716cca955603de08dd6
filmbagus88.net,AVAILABILITY,origin.list,origin.list,2022-03-27 05:37:59.143892,62297716cca955603de08dd6
hdtvku.com,AVAILABILITY,origin.list,origin.list,2022-03-27 05:38:00.923345,62297716cca955603de08dd6
tribunnews.com,AVAILABILITY,origin.list,origin.list,2022-03-27 05:38:07.564086,62297716cca955603de08dd6
bioskop78.com,AVAILABILITY,origin.list,origin.list,2022-03-27 05:38:13.732793,62297716cca955603de08dd6
kertashitam.com,AVAILABILITY,origin.list,origin.list,2022-03-27 05:38:16.181522,62297716cca955603de08dd6
kotakgame.com,AVAILABILITY,origin.list,origin.list,2022-03-27 05:38:16.828082,62297716cca955603de08dd6
log.viva.co.id,AVAILABILITY,origin.list,origin.list,2022-03-27 05:38:21.612455,62297716cca955603de08dd6
indoxx1.club,AVAILABILITY,origin.list,origin.list,2022-03-27 05:38:23.271375,62297716cca955603de08dd6
pikiran-rakyat.com,AVAILABILITY,origin.list,origin.list,2022-03-27 05:38:25.112289,62297716cca955603de08dd6
indostreamings.xyz,AVAILABILITY,origin.list,origin.list,2022-03-27 05:38:25.756808,62297716cca955603de08dd6
blog.tribunjualbeli.com,AVAILABILITY,origin.list,origin.list,2022-03-27 05:38:35.080005,62297716cca955603de08dd6
makassar.tribunnews.com,AVAILABILITY,origin.list,origin.list,2022-03-27 05:38:36.680194,62297716cca955603de08dd6
kompas.com,AVAILABILITY,origin.list,origin.list,2022-03-27 05:38:37.250315,62297716cca955603de08dd6
90animax.com,AVAILABILITY,origin.list,origin.list,2022-03-27 05:38:39.567871,62297716cca955603de08dd6
nf21.club,AVAILABILITY,origin.list,origin.list,2022-03-27 05:38:41.940488,62297716cca955603de08dd6
negumo.com,AVAILABILITY,origin.list,origin.list,2022-03-27 05:38:42.117100,62297716cca955603de08dd6
indoxx1.pw,AVAILABILITY,origin.list,origin.list,2022-03-27 05:38:46.795735,62297716cca955603de08dd6
nontonserial.com,AVAILABILITY,origin.list,origin.list,2022-03-27 05:38:50.194383,62297716cca955603de08dd6
indoxxi.pictures,AVAILABILITY,origin.list,origin.list,2022-03-27 05:38:56.013275,62297716cca955603de08dd6
teknoup.com,AVAILABILITY,origin.list,origin.list,2022-03-27 05:38:57.914944,62297716cca955603de08dd6
drakorindofilms.net,AVAILABILITY,origin.list,origin.list,2022-03-27 05:38:59.962961,62297716cca955603de08dd6
pusatdata.kontan.co.id,AVAILABILITY,origin.list,origin.list,2022-03-27 05:39:01.521891,62297716cca955603de08dd6
dunia21.me,AVAILABILITY,origin.list,origin.list,2022-03-27 05:39:03.691305,62297716cca955603de08dd6
remo-xp.com,AVAILABILITY,origin.list,origin.list,2022-03-27 05:39:07.857966,62297716cca955603de08dd6
komiku.net,AVAILABILITY,origin.list,origin.list,2022-03-27 05:39:10.026658,62297716cca955603de08dd6
komikstation.com,AVAILABILITY,origin.list,origin.list,2022-03-27 05:39:10.084130,62297716cca955603de08dd6
nontonsini.com,AVAILABILITY,origin.list,origin.list,2022-03-27 05:39:13.345873,62297716cca955603de08dd6
lk21.host,AVAILABILITY,origin.list,origin.list,2022-03-27 05:39:14.039546,62297716cca955603de08dd6
ganool.web.id,AVAILABILITY,origin.list,origin.list,2022-03-27 05:39:17.780221,62297716cca955603de08dd6
sinemaindo.web.id,AVAILABILITY,origin.list,origin.list,2022-03-27 05:39:19.016059,62297716cca955603de08dd6
idxxx1.com,AVAILABILITY,origin.list,origin.list,2022-03-27 05:39:21.698484,62297716cca955603de08dd6
"149.28.158.117,animexin.xyz,anixlife.xyz,awsubs.co",AVAILABILITY,origin.list,origin.list,2022-03-27 05:39:22.476165,62297716cca955603de08dd6
blogspot.com,AVAILABILITY,origin.list,origin.list,2022-03-27 05:39:27.653936,62297716cca955603de08dd6
lk21c.fun,AVAILABILITY,origin.list,origin.list,2022-03-27 05:39:28.242995,62297716cca955603de08dd6
resep.web.id,AVAILABILITY,origin.list,origin.list,2022-03-27 05:39:28.636796,62297716cca955603de08dd6
mangaku.site,AVAILABILITY,origin.list,origin.list,2022-03-27 05:39:31.493793,62297716cca955603de08dd6
gadgetren.com,AVAILABILITY,origin.list,origin.list,2022-03-27 05:39:32.293058,62297716cca955603de08dd6
indoxxi.top,AVAILABILITY,origin.list,origin.list,2022-03-27 05:39:38.520893,62297716cca955603de08dd6
indosiar.com,AVAILABILITY,origin.list,origin.list,2022-03-27 05:39:38.676652,62297716cca955603de08dd6
185.231.223.76,AVAILABILITY,origin.list,origin.list,2022-03-27 05:39:39.527731,62297716cca955603de08dd6
topfilmz.com,AVAILABILITY,origin.list,origin.list,2022-03-27 05:39:41.211691,62297716cca955603de08dd6
lensaindonesia.com,AVAILABILITY,origin.list,origin.list,2022-03-27 05:39:47.973299,62297716cca955603de08dd6
lk21.web.id,AVAILABILITY,origin.list,origin.list,2022-03-27 05:39:48.050607,62297716cca955603de08dd6
harakahdaily.net,AVAILABILITY,origin.list,origin.list,2022-03-27 05:39:51.724869,62297716cca955603de08dd6
5.182.209.205,AVAILABILITY,origin.list,origin.list,2022-03-27 05:39:51.305253,62297716cca955603de08dd6
mangafap.com,AVAILABILITY,origin.list,origin.list,2022-03-27 05:39:53.595676,62297716cca955603de08dd6
anoboy.digital,AVAILABILITY,origin.list,origin.list,2022-03-27 05:39:57.338063,62297716cca955603de08dd6
pkspiyungan.org,AVAILABILITY,origin.list,origin.list,2022-03-27 05:39:58.344398,62297716cca955603de08dd6
kabar2.com,AVAILABILITY,origin.list,origin.list,2022-03-27 05:39:59.756552,62297716cca955603de08dd6
komikbaru.com,AVAILABILITY,origin.list,origin.list,2022-03-27 05:40:03.659465,62297716cca955603de08dd6
kabargames.id,AVAILABILITY,origin.list,origin.list,2022-03-27 05:40:05.770872,62297716cca955603de08dd6
sindonews.com,AVAILABILITY,origin.list,origin.list,2022-03-27 05:40:07.400412,62297716cca955603de08dd6
nobartv.com,AVAILABILITY,origin.list,origin.list,2022-03-27 05:40:09.499376,62297716cca955603de08dd6
fastdrama.co,AVAILABILITY,origin.list,origin.list,2022-03-27 05:40:09.677129,62297716cca955603de08dd6
mangashiro.net,AVAILABILITY,origin.list,origin.list,2022-03-27 05:40:12.166909,62297716cca955603de08dd6
viva.co.id,AVAILABILITY,origin.list,origin.list,2022-03-27 05:40:17.600567,62297716cca955603de08dd6
idxx1.top,AVAILABILITY,origin.list,origin.list,2022-03-27 05:40:18.904237,62297716cca955603de08dd6
oploverz.bz,AVAILABILITY,origin.list,origin.list,2022-03-27 05:40:19.530017,62297716cca955603de08dd6
193.178.172.113,AVAILABILITY,origin.list,origin.list,2022-03-27 05:40:20.530313,62297716cca955603de08dd6
amoimovie.com,AVAILABILITY,origin.list,origin.list,2022-03-27 05:40:22.251412,62297716cca955603de08dd6
layarxxi.online,AVAILABILITY,origin.list,origin.list,2022-03-27 05:40:23.403517,62297716cca955603de08dd6
animeindo.net,AVAILABILITY,origin.list,origin.list,2022-03-27 05:40:27.383683,62297716cca955603de08dd6
fb21.tv,AVAILABILITY,origin.list,origin.list,2022-03-27 05:40:28.696277,62297716cca955603de08dd6
lk21tv.com,AVAILABILITY,origin.list,origin.list,2022-03-27 05:40:29.049820,62297716cca955603de08dd6
drakorindo.fun,AVAILABILITY,origin.list,origin.list,2022-03-27 05:40:32.452206,62297716cca955603de08dd6
cinemaqq.com,AVAILABILITY,origin.list,origin.list,2022-03-27 05:40:33.633365,62297716cca955603de08dd6
nontonfilm88.com,AVAILABILITY,origin.list,origin.list,2022-03-27 05:40:38.095076,62297716cca955603de08dd6
cinemaindo.tv,AVAILABILITY,origin.list,origin.list,2022-03-27 05:40:44.664707,62297716cca955603de08dd6
hotabis.com,AVAILABILITY,origin.list,origin.list,2022-03-27 05:40:51.388138,62297716cca955603de08dd6
kapanlagi.com,AVAILABILITY,origin.list,origin.list,2022-03-27 05:40:56.329246,62297716cca955603de08dd6
torjack.net,AVAILABILITY,origin.list,origin.list,2022-03-27 05:40:57.198003,62297716cca955603de08dd6
bioskop55.club,AVAILABILITY,origin.list,origin.list,2022-03-27 05:40:58.450645,62297716cca955603de08dd6
nontonfilm77.com,AVAILABILITY,origin.list,origin.list,2022-03-27 05:41:01.997954,62297716cca955603de08dd6
comotin.com,AVAILABILITY,origin.list,origin.list,2022-03-27 05:41:07.399266,62297716cca955603de08dd6
sundul.com,AVAILABILITY,origin.list,origin.list,2022-03-27 05:41:07.994001,62297716cca955603de08dd6
m.kapanlagi.com,AVAILABILITY,origin.list,origin.list,2022-03-27 05:41:12.526400,62297716cca955603de08dd6
wartaekonomi.co.id,AVAILABILITY,origin.list,origin.list,2022-03-27 05:41:12.597705,62297716cca955603de08dd6
indoxximovie.com,AVAILABILITY,origin.list,origin.list,2022-03-27 05:41:14.650418,62297716cca955603de08dd6
loveindonesia.com,AVAILABILITY,origin.list,origin.list,2022-03-27 05:41:15.495269,62297716cca955603de08dd6
terkini.id,AVAILABILITY,origin.list,origin.list,2022-03-27 05:41:19.209532,62297716cca955603de08dd6
suara.com,AVAILABILITY,origin.list,origin.list,2022-03-27 05:41:20.322669,62297716cca955603de08dd6
bharian.com.my,AVAILABILITY,origin.list,origin.list,2022-03-27 05:41:21.373272,62297716cca955603de08dd6
"192.99.70.18,22cinema.com,95.216.163.177,dapurpacu.com,dewanontons.com,download-lagu-mp3.com,dunia21.ltd,duniafilm21.com,embed.dramacool.es,embed.dramanices.com,k-vid.net,kompas.com,neumanga.tv,otakuindo.net,smallencode.com,topgans.blogspot.com",AVAILABILITY,origin.list,origin.list,2022-03-27 05:41:23.421995,62297716cca955603de08dd6
file.rocks,AVAILABILITY,origin.list,origin.list,2022-03-27 05:41:31.480601,62297716cca955603de08dd6
republika.co.id,AVAILABILITY,origin.list,origin.list,2022-03-27 05:41:32.421297,62297716cca955603de08dd6
kompas.tv,AVAILABILITY,origin.list,origin.list,2022-03-27 05:41:39.292475,62297716cca955603de08dd6
awnime.net,AVAILABILITY,origin.list,origin.list,2022-03-27 05:41:41.895112,62297716cca955603de08dd6
grid.id,AVAILABILITY,origin.list,origin.list,2022-03-27 05:41:43.632178,62297716cca955603de08dd6
gridoto.com,AVAILABILITY,origin.list,origin.list,2022-03-27 05:41:45.626246,62297716cca955603de08dd6
tek.id,AVAILABILITY,origin.list,origin.list,2022-03-27 05:41:51.090736,62297716cca955603de08dd6
terasjakarta.id,AVAILABILITY,origin.list,origin.list,2022-03-27 05:41:52.747902,62297716cca955603de08dd6
www.inibaru.id,AVAILABILITY,origin.list,origin.list,2022-03-27 05:41:54.188098,62297716cca955603de08dd6
bisnis.com,AVAILABILITY,origin.list,origin.list,2022-03-27 05:41:54.668046,62297716cca955603de08dd6
gamebrott.com,AVAILABILITY,origin.list,origin.list,2022-03-27 05:42:01.752562,62297716cca955603de08dd6
pontianakpost.co.id,AVAILABILITY,origin.list,origin.list,2022-03-27 05:42:02.906041,62297716cca955603de08dd6
kshowid.com,AVAILABILITY,origin.list,origin.list,2022-03-27 05:42:02.907285,62297716cca955603de08dd6
ganol.si,AVAILABILITY,origin.list,origin.list,2022-03-27 05:42:03.565006,62297716cca955603de08dd6
inews.id,AVAILABILITY,origin.list,origin.list,2022-03-27 05:42:04.028273,62297716cca955603de08dd6
indoxtream.com,AVAILABILITY,origin.list,origin.list,2022-03-27 05:42:10.563613,62297716cca955603de08dd6
kurazone.net,AVAILABILITY,origin.list,origin.list,2022-03-27 05:42:12.282138,62297716cca955603de08dd6
autonetmagz.com,AVAILABILITY,origin.list,origin.list,2022-03-27 05:42:12.731130,62297716cca955603de08dd6
palingseru.com,AVAILABILITY,origin.list,origin.list,2022-03-27 05:42:13.230172,62297716cca955603de08dd6
"mangaku.in,mangaku.site,mangaku.web.id",AVAILABILITY,origin.list,origin.list,2022-03-27 05:42:16.752865,62297716cca955603de08dd6
22cinema.com,AVAILABILITY,origin.list,origin.list,2022-03-27 05:42:19.635584,62297716cca955603de08dd6
164.68.127.15,AVAILABILITY,origin.list,origin.list,2022-03-27 05:42:20.082804,62297716cca955603de08dd6
www.kompasiana.com,AVAILABILITY,origin.list,origin.list,2022-03-27 05:42:23.060187,62297716cca955603de08dd6
kompasiana.com,AVAILABILITY,origin.list,origin.list,2022-03-27 05:42:28.018571,62297716cca955603de08dd6
dewabioskop21.org,AVAILABILITY,origin.list,origin.list,2022-03-27 05:42:31.499980,62297716cca955603de08dd6
dewanonton.vip,AVAILABILITY,origin.list,origin.list,2022-03-27 05:42:32.155776,62297716cca955603de08dd6
myasiantv.se,AVAILABILITY,origin.list,origin.list,2022-03-27 05:42:32.190996,62297716cca955603de08dd6
dream.co.id,AVAILABILITY,origin.list,origin.list,2022-03-27 05:42:37.115059,62297716cca955603de08dd6
juragan-anime.net,AVAILABILITY,origin.list,origin.list,2022-03-27 05:42:38.445960,62297716cca955603de08dd6
modifikasi.com,AVAILABILITY,origin.list,origin.list,2022-03-27 05:42:40.024757,62297716cca955603de08dd6
oktavita.com,AVAILABILITY,origin.list,origin.list,2022-03-27 05:42:40.900079,62297716cca955603de08dd6
tekno.kompas.com,AVAILABILITY,origin.list,origin.list,2022-03-27 05:42:48.219414,62297716cca955603de08dd6
lapar.com,AVAILABILITY,origin.list,origin.list,2022-03-27 05:42:48.596117,62297716cca955603de08dd6
nontonme.com,AVAILABILITY,origin.list,origin.list,2022-03-27 05:42:52.441676,62297716cca955603de08dd6
waralabakan.com,AVAILABILITY,origin.list,origin.list,2022-03-27 05:42:53.502911,62297716cca955603de08dd6
elde.tv,AVAILABILITY,origin.list,origin.list,2022-03-27 05:42:56.936910,62297716cca955603de08dd6
inet.detik.com,AVAILABILITY,origin.list,origin.list,2022-03-27 05:42:58.544969,62297716cca955603de08dd6
budiarto.id,AVAILABILITY,origin.list,origin.list,2022-03-27 05:42:58.568360,62297716cca955603de08dd6
ceklink.co,AVAILABILITY,origin.list,origin.list,2022-03-27 05:43:04.420984,62297716cca955603de08dd6
gudangpemain.com,AVAILABILITY,origin.list,origin.list,2022-03-27 05:43:05.063906,62297716cca955603de08dd6
bioskop99.me,AVAILABILITY,origin.list,origin.list,2022-03-27 05:43:07.718404,62297716cca955603de08dd6
beritagar.id,AVAILABILITY,origin.list,origin.list,2022-03-27 05:43:08.335848,62297716cca955603de08dd6
kazefuri.net,AVAILABILITY,origin.list,origin.list,2022-03-27 05:43:08.660532,62297716cca955603de08dd6
gopego.com,AVAILABILITY,origin.list,origin.list,2022-03-27 05:43:19.956241,62297716cca955603de08dd6
uzone.id,AVAILABILITY,origin.list,origin.list,2022-03-27 05:43:20.127179,62297716cca955603de08dd6
liputan6.com,AVAILABILITY,origin.list,origin.list,2022-03-27 05:43:21.363145,62297716cca955603de08dd6
kabar24.com,AVAILABILITY,origin.list,origin.list,2022-03-27 05:43:22.657457,62297716cca955603de08dd6
eka.web.id,AVAILABILITY,origin.list,origin.list,2022-03-27 05:43:27.341078,62297716cca955603de08dd6
otakuindo.org,AVAILABILITY,origin.list,origin.list,2022-03-27 05:43:27.494160,62297716cca955603de08dd6
inilah.com,AVAILABILITY,origin.list,origin.list,2022-03-27 05:43:30.974617,62297716cca955603de08dd6
animekompi.web.id,AVAILABILITY,origin.list,origin.list,2022-03-27 05:43:32.085082,62297716cca955603de08dd6
okezone.com,AVAILABILITY,origin.list,origin.list,2022-03-27 05:43:33.925774,62297716cca955603de08dd6
mforum.cari.com.my,AVAILABILITY,origin.list,origin.list,2022-03-27 05:43:36.354314,62297716cca955603de08dd6
dramaqu.net,AVAILABILITY,origin.list,origin.list,2022-03-27 05:43:37.765173,62297716cca955603de08dd6
filmku.net,AVAILABILITY,origin.list,origin.list,2022-03-27 05:43:41.350464,62297716cca955603de08dd6
windowsreport.com,AVAILABILITY,origin.list,origin.list,2022-03-27 05:43:44.990457,62297716cca955603de08dd6
tempo.co,AVAILABILITY,origin.list,origin.list,2022-03-27 05:43:45.612440,62297716cca955603de08dd6
inidramaku.net,AVAILABILITY,origin.list,origin.list,2022-03-27 05:43:45.804372,62297716cca955603de08dd6
nontonplus.com,AVAILABILITY,origin.list,origin.list,2022-03-27 05:43:52.590835,62297716cca955603de08dd6
dewanontons.com,AVAILABILITY,origin.list,origin.list,2022-03-27 05:43:54.573291,62297716cca955603de08dd6
winpoin.com,AVAILABILITY,origin.list,origin.list,2022-03-27 05:43:54.690037,62297716cca955603de08dd6
readwebtoons.com,AVAILABILITY,origin.list,origin.list,2022-03-27 05:43:55.000594,62297716cca955603de08dd6
indoxxi.net,AVAILABILITY,origin.list,origin.list,2022-03-27 05:44:00.109398,62297716cca955603de08dd6
kaskus.co.id,AVAILABILITY,origin.list,origin.list,2022-03-27 05:44:01.046267,62297716cca955603de08dd6
manganime.id,AVAILABILITY,origin.list,origin.list,2022-03-27 05:44:01.099782,62297716cca955603de08dd6
bioskop90.com,AVAILABILITY,origin.list,origin.list,2022-03-27 05:44:01.938450,62297716cca955603de08dd6
malaysiakini.com,AVAILABILITY,origin.list,origin.list,2022-03-27 05:44:03.649732,62297716cca955603de08dd6
cmovieshd.se,AVAILABILITY,origin.list,origin.list,2022-03-27 05:44:07.892329,62297716cca955603de08dd6
layarlebar21.id,AVAILABILITY,origin.list,origin.list,2022-03-27 05:44:09.506147,62297716cca955603de08dd6
filmace21.net,AVAILABILITY,origin.list,origin.list,2022-03-27 05:44:09.926431,62297716cca955603de08dd6
bioskop21.co,AVAILABILITY,origin.list,origin.list,2022-03-27 05:44:11.655208,62297716cca955603de08dd6
suki48.web.id,AVAILABILITY,origin.list,origin.list,2022-03-27 05:44:15.901428,62297716cca955603de08dd6
awsubs.co,AVAILABILITY,origin.list,origin.list,2022-03-27 05:44:17.620702,62297716cca955603de08dd6
ld2tv.com,AVAILABILITY,origin.list,origin.list,2022-03-27 05:44:18.690578,62297716cca955603de08dd6
alona.co.id,AVAILABILITY,origin.list,origin.list,2022-03-27 05:44:21.979732,62297716cca955603de08dd6
indonesiamovies21.com,AVAILABILITY,origin.list,origin.list,2022-03-27 05:44:26.492130,62297716cca955603de08dd6
anime17.net,AVAILABILITY,origin.list,origin.list,2022-03-27 05:44:26.623086,62297716cca955603de08dd6
mangaceng.com,AVAILABILITY,origin.list,origin.list,2022-03-27 05:44:27.086765,62297716cca955603de08dd6
faktabali.com,AVAILABILITY,origin.list,origin.list,2022-03-27 05:44:28.212966,62297716cca955603de08dd6
"anoboy.id,kazefuri.net,kiryuu.id,mangakita.net,mangashiro.net,nontondramaseri.com",AVAILABILITY,origin.list,origin.list,2022-03-27 05:44:29.921298,62297716cca955603de08dd6
b201.info,AVAILABILITY,origin.list,origin.list,2022-03-27 05:44:34.788568,62297716cca955603de08dd6
belapendidikan.com,AVAILABILITY,origin.list,origin.list,2022-03-27 05:44:36.327579,62297716cca955603de08dd6
smartphoneku.com,AVAILABILITY,origin.list,origin.list,2022-03-27 05:44:39.389237,62297716cca955603de08dd6
kumpulmanga.org,AVAILABILITY,origin.list,origin.list,2022-03-27 05:44:39.580084,62297716cca955603de08dd6
nextren.grid.id,AVAILABILITY,origin.list,origin.list,2022-03-27 05:44:46.778460,62297716cca955603de08dd6
dwanonton.com,AVAILABILITY,origin.list,origin.list,2022-03-27 05:44:46.991488,62297716cca955603de08dd6
astroawani.com,AVAILABILITY,origin.list,origin.list,2022-03-27 05:44:47.020337,62297716cca955603de08dd6
nobarfilm21.net,AVAILABILITY,origin.list,origin.list,2022-03-27 05:44:47.359186,62297716cca955603de08dd6
hdfree.se,AVAILABILITY,origin.list,origin.list,2022-03-27 05:44:55.052490,62297716cca955603de08dd6
animeindo.id,AVAILABILITY,origin.list,origin.list,2022-03-27 05:44:57.115928,62297716cca955603de08dd6
dutaislam.com,AVAILABILITY,origin.list,origin.list,2022-03-27 05:44:57.356349,62297716cca955603de08dd6
medcom.id,AVAILABILITY,origin.list,origin.list,2022-03-27 05:44:58.884429,62297716cca955603de08dd6
film-ganool.com,AVAILABILITY,origin.list,origin.list,2022-03-27 05:45:06.232446,62297716cca955603de08dd6
otomania.com,AVAILABILITY,origin.list,origin.list,2022-03-27 05:45:08.152722,62297716cca955603de08dd6
senimovie.info,AVAILABILITY,origin.list,origin.list,2022-03-27 05:45:09.120348,62297716cca955603de08dd6
semprot.com,AVAILABILITY,origin.list,origin.list,2022-03-27 05:45:09.140535,62297716cca955603de08dd6
filem456.com,AVAILABILITY,origin.list,origin.list,2022-03-27 05:45:09.542395,62297716cca955603de08dd6
kazemanga.xyz,AVAILABILITY,origin.list,origin.list,2022-03-27 05:45:15.658542,62297716cca955603de08dd6
cinemaindo.com,AVAILABILITY,origin.list,origin.list,2022-03-27 05:45:18.207181,62297716cca955603de08dd6
batch.id,AVAILABILITY,origin.list,origin.list,2022-03-27 05:45:18.616298,62297716cca955603de08dd6
nontonganool.net,AVAILABILITY,origin.list,origin.list,2022-03-27 05:45:26.122938,62297716cca955603de08dd6
ninemanga.com,AVAILABILITY,origin.list,origin.list,2022-03-27 05:45:27.320423,62297716cca955603de08dd6
tirto.id,AVAILABILITY,origin.list,origin.list,2022-03-27 05:45:30.211176,62297716cca955603de08dd6
hipwee.com,AVAILABILITY,origin.list,origin.list,2022-03-27 05:45:32.465620,62297716cca955603de08dd6
mydramalist.com,AVAILABILITY,origin.list,origin.list,2022-03-27 05:45:35.594386,62297716cca955603de08dd6
idpelago.com,AVAILABILITY,origin.list,origin.list,2022-03-27 05:45:42.683306,62297716cca955603de08dd6
film21terbaru.org,AVAILABILITY,origin.list,origin.list,2022-03-27 05:45:45.892998,62297716cca955603de08dd6
klikseru.com,AVAILABILITY,origin.list,origin.list,2022-03-27 05:45:47.859134,62297716cca955603de08dd6
xx1.me,AVAILABILITY,origin.list,origin.list,2022-03-27 05:45:48.394821,62297716cca955603de08dd6
internetpositif.uzone.id,AVAILABILITY,origin.list,origin.list,2022-03-27 05:45:49.095541,62297716cca955603de08dd6
goblintv.xyz,AVAILABILITY,origin.list,origin.list,2022-03-27 05:45:56.901175,62297716cca955603de08dd6
otomotif.kompas.com,AVAILABILITY,origin.list,origin.list,2022-03-27 05:45:56.939534,62297716cca955603de08dd6
nontonlk21.live,AVAILABILITY,origin.list,origin.list,2022-03-27 05:45:58.676271,62297716cca955603de08dd6
hightech.web.id,AVAILABILITY,origin.list,origin.list,2022-03-27 05:45:59.482763,62297716cca955603de08dd6
cdramabase.com,AVAILABILITY,origin.list,origin.list,2022-03-27 05:46:01.142465,62297716cca955603de08dd6
dwa21.org,AVAILABILITY,origin.list,origin.list,2022-03-27 05:46:06.241065,62297716cca955603de08dd6
kurina.vip,AVAILABILITY,origin.list,origin.list,2022-03-27 05:46:08.288777,62297716cca955603de08dd6
neonime.net,AVAILABILITY,origin.list,origin.list,2022-03-27 05:46:10.423861,62297716cca955603de08dd6
jalantikus.com,AVAILABILITY,origin.list,origin.list,2022-03-27 05:46:15.477904,62297716cca955603de08dd6
oploverz.fan,AVAILABILITY,origin.list,origin.list,2022-03-27 05:46:16.358916,62297716cca955603de08dd6
omberbagi.com,AVAILABILITY,origin.list,origin.list,2022-03-27 05:46:19.029235,62297716cca955603de08dd6
nontoncinema.org,AVAILABILITY,origin.list,origin.list,2022-03-27 05:46:21.834402,62297716cca955603de08dd6
pakbos21.org,AVAILABILITY,origin.list,origin.list,2022-03-27 05:46:22.041186,62297716cca955603de08dd6
idfl.me,AVAILABILITY,origin.list,origin.list,2022-03-27 05:46:26.347074,62297716cca955603de08dd6
idfl.top,AVAILABILITY,origin.list,origin.list,2022-03-27 05:46:27.924292,62297716cca955603de08dd6
anoboy.media,AVAILABILITY,origin.list,origin.list,2022-03-27 05:46:36.802678,62297716cca955603de08dd6
filmbokep21.shop,AVAILABILITY,origin.list,origin.list,2022-03-27 05:46:37.582818,62297716cca955603de08dd6
192.99.70.18,AVAILABILITY,origin.list,origin.list,2022-03-27 05:46:38.174419,62297716cca955603de08dd6
nekonime.com,AVAILABILITY,origin.list,origin.list,2022-03-27 05:46:40.623822,62297716cca955603de08dd6
kazefuri.web.id,AVAILABILITY,origin.list,origin.list,2022-03-27 05:46:42.241051,62297716cca955603de08dd6
194.163.183.129,AVAILABILITY,origin.list,origin.list,2022-03-27 05:46:42.703776,62297716cca955603de08dd6
akurat.co,AVAILABILITY,origin.list,origin.list,2022-03-27 05:46:44.057329,62297716cca955603de08dd6
dewantn.com,AVAILABILITY,origin.list,origin.list,2022-03-27 05:46:47.586387,62297716cca955603de08dd6
animexin.xyz,AVAILABILITY,origin.list,origin.list,2022-03-27 05:46:50.334505,62297716cca955603de08dd6
bioskop168.pro,AVAILABILITY,origin.list,origin.list,2022-03-27 05:46:53.630935,62297716cca955603de08dd6
iberita.com,AVAILABILITY,origin.list,origin.list,2022-03-27 05:46:56.084437,62297716cca955603de08dd6
filmxy.cc,AVAILABILITY,origin.list,origin.list,2022-03-27 05:46:58.002983,62297716cca955603de08dd6
bioskop19.com,AVAILABILITY,origin.list,origin.list,2022-03-27 05:46:58.650058,62297716cca955603de08dd6
seri168.net,AVAILABILITY,origin.list,origin.list,2022-03-27 05:47:04.391873,62297716cca955603de08dd6
bagas31.com,AVAILABILITY,origin.list,origin.list,2022-03-27 05:47:05.432891,62297716cca955603de08dd6
anoboy.org,AVAILABILITY,origin.list,origin.list,2022-03-27 05:47:08.339573,62297716cca955603de08dd6
ytssubtitles.com,AVAILABILITY,origin.list,origin.list,2022-03-27 05:47:08.702814,62297716cca955603de08dd6
otakudesu.pro,AVAILABILITY,origin.list,origin.list,2022-03-27 05:47:12.658279,62297716cca955603de08dd6
gatsunime.org,AVAILABILITY,origin.list,origin.list,2022-03-27 05:47:14.522074,62297716cca955603de08dd6
mangakita.net,AVAILABILITY,origin.list,origin.list,2022-03-27 05:47:15.994852,62297716cca955603de08dd6
situshp.com,AVAILABILITY,origin.list,origin.list,2022-03-27 05:47:20.076480,62297716cca955603de08dd6
cerpen.co.id,AVAILABILITY,origin.list,origin.list,2022-03-27 05:47:20.327768,62297716cca955603de08dd6
cinema-indo.net,AVAILABILITY,origin.list,origin.list,2022-03-27 05:47:23.758054,62297716cca955603de08dd6
jakbos.com,AVAILABILITY,origin.list,origin.list,2022-03-27 05:47:24.587158,62297716cca955603de08dd6
tabloidbintang.com,AVAILABILITY,origin.list,origin.list,2022-03-27 05:47:24.644141,62297716cca955603de08dd6
isdaryanto.com,AVAILABILITY,origin.list,origin.list,2022-03-27 05:47:27.468845,62297716cca955603de08dd6
funtasticko.net,AVAILABILITY,origin.list,origin.list,2022-03-27 05:47:28.765061,62297716cca955603de08dd6
satujiwa.org,AVAILABILITY,origin.list,origin.list,2022-03-27 05:47:32.827145,62297716cca955603de08dd6
animebatchs.com,AVAILABILITY,origin.list,origin.list,2022-03-27 05:47:33.874868,62297716cca955603de08dd6
lk21.cc,AVAILABILITY,origin.list,origin.list,2022-03-27 05:47:43.387562,62297716cca955603de08dd6
leon.bet,AVAILABILITY,origin.list,origin.list,2022-03-27 05:50:18.421493,62297716cca955603de08dd6
164.68.105.199,AVAILABILITY,origin.list,origin.list,2022-03-27 05:50:22.518027,62297716cca955603de08dd6
unyil.net,AVAILABILITY,origin.list,origin.list,2022-03-27 05:50:28.563271,62297716cca955603de08dd6
sodasusu.com,AVAILABILITY,origin.list,origin.list,2022-03-27 05:50:29.969391,62297716cca955603de08dd6
streamingbokeps.co,AVAILABILITY,origin.list,origin.list,2022-03-27 05:50:30.131140,62297716cca955603de08dd6
perawabokep.cam,AVAILABILITY,origin.list,origin.list,2022-03-27 05:50:30.371929,62297716cca955603de08dd6
bintangmawar.net,AVAILABILITY,origin.list,origin.list,2022-03-27 05:50:30.940950,62297716cca955603de08dd6
nontonbokeps.com,AVAILABILITY,origin.list,origin.list,2022-03-27 05:50:35.073449,62297716cca955603de08dd6
iyottube.com,AVAILABILITY,origin.list,origin.list,2022-03-27 05:50:36.345218,62297716cca955603de08dd6
manhwaid.org,AVAILABILITY,origin.list,origin.list,2022-03-27 05:50:36.956657,62297716cca955603de08dd6
158.69.0.212,AVAILABILITY,origin.list,origin.list,2022-03-27 05:50:36.834514,62297716cca955603de08dd6
gadismalam.net,AVAILABILITY,origin.list,origin.list,2022-03-27 05:50:38.661618,62297716cca955603de08dd6
mediahiburan.my,AVAILABILITY,origin.list,origin.list,2022-03-27 05:50:43.177261,62297716cca955603de08dd6
indobokepz.com,AVAILABILITY,origin.list,origin.list,2022-03-27 05:50:44.494753,62297716cca955603de08dd6
manhwalist.com,AVAILABILITY,origin.list,origin.list,2022-03-27 05:50:47.462230,62297716cca955603de08dd6
manhwaland.top,AVAILABILITY,origin.list,origin.list,2022-03-27 05:50:47.604522,62297716cca955603de08dd6
bokepml.online,AVAILABILITY,origin.list,origin.list,2022-03-27 05:50:52.181972,62297716cca955603de08dd6
ibugil.net,AVAILABILITY,origin.list,origin.list,2022-03-27 05:50:53.889521,62297716cca955603de08dd6
melayusex.tube,AVAILABILITY,origin.list,origin.list,2022-03-27 05:50:55.294584,62297716cca955603de08dd6
manhwaindo.id,AVAILABILITY,origin.list,origin.list,2022-03-27 05:51:00.824774,62297716cca955603de08dd6
hentai2read.com,AVAILABILITY,origin.list,origin.list,2022-03-27 05:51:02.401064,62297716cca955603de08dd6
||172.105.216.174^$popup,AVAILABILITY,origin.list,origin.list,2022-03-27 05:51:04.731952,62297716cca955603de08dd6
||6631f33cf2a1032b.com^,AVAILABILITY,origin.list,origin.list,2022-03-27 05:51:30.280562,62297716cca955603de08dd6
||adsimg.kompas.com^$third-party,AVAILABILITY,origin.list,origin.list,2022-03-27 05:51:30.504099,62297716cca955603de08dd6
||995db2642d3d852b.com^,AVAILABILITY,origin.list,origin.list,2022-03-27 05:51:30.957652,62297716cca955603de08dd6
||1b969cef84d93b43.com^,AVAILABILITY,origin.list,origin.list,2022-03-27 05:51:31.037081,62297716cca955603de08dd6
||browsertelemetry.tk^,AVAILABILITY,origin.list,origin.list,2022-03-27 05:51:34.784467,62297716cca955603de08dd6
||cea9d3d4f74fb831.com^,AVAILABILITY,origin.list,origin.list,2022-03-27 05:51:43.389030,62297716cca955603de08dd6
||d824d7f5cbcb0e00.com^,AVAILABILITY,origin.list,origin.list,2022-03-27 05:51:44.296691,62297716cca955603de08dd6
||utopia.ad-loupe.com^$third-party,AVAILABILITY,origin.list,origin.list,2022-03-27 05:51:48.085977,62297716cca955603de08dd6
||offer.popsads.link^$script,AVAILABILITY,origin.list,origin.list,2022-03-27 05:51:49.714381,62297716cca955603de08dd6
||profitsurvey365.live^$script,AVAILABILITY,origin.list,origin.list,2022-03-27 05:51:50.004439,62297716cca955603de08dd6
.id/ads/,AVAILABILITY,origin.list,origin.list,2022-03-27 05:51:59.339614,62297716cca955603de08dd6
"||animexin.*/wp-content/uploads/*.gif$image,~third-party",AVAILABILITY,origin.list,origin.list,2022-03-27 05:52:01.602364,62297716cca955603de08dd6
||bioskop007.*/wp-content/uploads/*.gif$image,AVAILABILITY,origin.list,origin.list,2022-03-27 05:52:01.803396,62297716cca955603de08dd6
||bioskop168.*/wp-content/uploads/*.gif$image,AVAILABILITY,origin.list,origin.list,2022-03-27 05:52:05.467365,62297716cca955603de08dd6
||bioskop19.*/wp-content/uploads/*.gif$image,AVAILABILITY,origin.list,origin.list,2022-03-27 05:52:08.294053,62297716cca955603de08dd6
||bioskop21.*/wp-content/uploads/*.gif$image,AVAILABILITY,origin.list,origin.list,2022-03-27 05:52:10.293910,62297716cca955603de08dd6
||bioskopkeren.guru/images/*.gif$image,AVAILABILITY,origin.list,origin.list,2022-03-27 05:52:18.606272,62297716cca955603de08dd6
||bioskop212.*/wp-content/uploads/*.gif$image,AVAILABILITY,origin.list,origin.list,2022-03-27 05:52:18.838418,62297716cca955603de08dd6
||bioskop45.*/Banner/*.gif$image,AVAILABILITY,origin.list,origin.list,2022-03-27 05:52:22.127573,62297716cca955603de08dd6
||bioskop55.*/wp-content/uploads/*.gif$image,AVAILABILITY,origin.list,origin.list,2022-03-27 05:52:22.177348,62297716cca955603de08dd6
||bioskopkeren.xyz/images/*.gif$image,AVAILABILITY,origin.list,origin.list,2022-03-27 05:52:26.777607,62297716cca955603de08dd6
"||bp.blogspot.com/*/iklan_landscape.jpg$image,domain=mangacanblog.com",AVAILABILITY,origin.list,origin.list,2022-03-27 05:52:34.870687,62297716cca955603de08dd6
||bioskopxxi.*/wp-content/uploads/*.gif$image,AVAILABILITY,origin.list,origin.list,2022-03-27 05:52:37.659201,62297716cca955603de08dd6
||budiarto.id/bausastra/assets/img/*.jpg,AVAILABILITY,origin.list,origin.list,2022-03-27 05:52:38.443098,62297716cca955603de08dd6
||budiarto.id/bausastra/assets/img/banner,AVAILABILITY,origin.list,origin.list,2022-03-27 05:52:38.787188,62297716cca955603de08dd6
||cdn.detik.net.id/detik2/mobile/js/it.mobile.js$script,AVAILABILITY,origin.list,origin.list,2022-03-27 05:52:44.983950,62297716cca955603de08dd6
||cdn.staticaly.com/gh/sotazer/sotazone/*/kurazoneAdblock.js,AVAILABILITY,origin.list,origin.list,2022-03-27 05:52:52.600830,62297716cca955603de08dd6
||cdn.kaskus.com/img/skin/*.gif$image,AVAILABILITY,origin.list,origin.list,2022-03-27 05:52:55.830122,62297716cca955603de08dd6
"||cdn.rawgit.com/sdnime09/Ngewe-om/f8cad426/sayang.js$script,domain=myanimeindo.net",AVAILABILITY,origin.list,origin.list,2022-03-27 05:52:56.448922,62297716cca955603de08dd6
||cekerayam.xyz/wp-content/uploads/*.gif$image,AVAILABILITY,origin.list,origin.list,2022-03-27 05:52:57.868326,62297716cca955603de08dd6
||cinema007.*/wp-content/uploads/*.gif$image,AVAILABILITY,origin.list,origin.list,2022-03-27 05:53:03.026392,62297716cca955603de08dd6
||cinemaindo.web.id/banere/,AVAILABILITY,origin.list,origin.list,2022-03-27 05:53:08.497087,62297716cca955603de08dd6
||cinemastar21.*/wp-content/uploads/*.gif$image,AVAILABILITY,origin.list,origin.list,2022-03-27 05:53:09.878373,62297716cca955603de08dd6
||cinema-indo.com/banere/*.gif$image,AVAILABILITY,origin.list,origin.list,2022-03-27 05:53:11.380155,62297716cca955603de08dd6
||cinemaindo.*/wp-content/uploads/*.gif$image,AVAILABILITY,origin.list,origin.list,2022-03-27 05:53:13.485024,62297716cca955603de08dd6
||cinemaindo.web.id/temane/aa/ada.js?id=1461751640199$script,AVAILABILITY,origin.list,origin.list,2022-03-27 05:53:20.111119,62297716cca955603de08dd6
||comotin.com/wp-content/uploads/*.gif$image,AVAILABILITY,origin.list,origin.list,2022-03-27 05:53:20.887934,62297716cca955603de08dd6
||detik.com/images/banners/,AVAILABILITY,origin.list,origin.list,2022-03-27 05:53:23.527816,62297716cca955603de08dd6
||cinemaqq.*/wp-content/uploads/*.gif$image,AVAILABILITY,origin.list,origin.list,2022-03-27 05:53:23.808270,62297716cca955603de08dd6
||conan.id/wp-content/uploads/2018/*.gif$image,AVAILABILITY,origin.list,origin.list,2022-03-27 05:53:31.852305,62297716cca955603de08dd6
||detik.com/live/css/msite/mads.css$stylesheet,AVAILABILITY,origin.list,origin.list,2022-03-27 05:53:39.290713,62297716cca955603de08dd6
||detik.com/live/css/desktop/dads.css$stylesheet,AVAILABILITY,origin.list,origin.list,2022-03-27 05:53:39.511806,62297716cca955603de08dd6
||detik.com/live/css/desktop/dads_preview.css$stylesheet,AVAILABILITY,origin.list,origin.list,2022-03-27 05:53:39.990612,62297716cca955603de08dd6
||detik.com/live/js/desktop/daegv2.js$script,AVAILABILITY,origin.list,origin.list,2022-03-27 05:53:41.309253,62297716cca955603de08dd6
||detik.com/live/js/desktop/daegv2_preview.js$script,AVAILABILITY,origin.list,origin.list,2022-03-27 05:53:47.228074,62297716cca955603de08dd6
||detik.com/live/js/eyeotadtk.js$script,AVAILABILITY,origin.list,origin.list,2022-03-27 05:53:55.053081,62297716cca955603de08dd6
||detik.com/live/js/desktop/daeg.js$script,AVAILABILITY,origin.list,origin.list,2022-03-27 05:53:55.796342,62297716cca955603de08dd6
||detik.com/live/js/msite/maeg.js$script,AVAILABILITY,origin.list,origin.list,2022-03-27 05:53:56.243439,62297716cca955603de08dd6
||detik.com/live/js/msite/maeg_preview.js$script,AVAILABILITY,origin.list,origin.list,2022-03-27 05:53:59.095431,62297716cca955603de08dd6
||detik.com/live/js/msite/maegv2.js$script,AVAILABILITY,origin.list,origin.list,2022-03-27 05:54:02.863942,62297716cca955603de08dd6
||dewanontons.com/wp-content/uploads/*.gif$image,AVAILABILITY,origin.list,origin.list,2022-03-27 05:54:12.838430,62297716cca955603de08dd6
||detik.com/mobile/js/it.mobile.js$script,AVAILABILITY,origin.list,origin.list,2022-03-27 05:54:13.191554,62297716cca955603de08dd6
"||dewanonton.*/static/banner/*.gif$image,~third-party",AVAILABILITY,origin.list,origin.list,2022-03-27 05:54:14.025129,62297716cca955603de08dd6
||dewamovie.*/wp-content/uploads/*.gif$image,AVAILABILITY,origin.list,origin.list,2022-03-27 05:54:14.517080,62297716cca955603de08dd6
||dunia21s.*/wp-content/uploads/*.gif$image,AVAILABILITY,origin.list,origin.list,2022-03-27 05:54:19.126718,62297716cca955603de08dd6
||dwanonton.com/static/banner/*.gif$image,AVAILABILITY,origin.list,origin.list,2022-03-27 05:54:29.318186,62297716cca955603de08dd6
||dunia21.*/assets/*.gif$image,AVAILABILITY,origin.list,origin.list,2022-03-27 05:54:29.681677,62297716cca955603de08dd6
||dwanonton.*/wp-content/uploads/*.gif$image,AVAILABILITY,origin.list,origin.list,2022-03-27 05:54:30.075481,62297716cca955603de08dd6
||dewantn.com/wp-content/uploads/*.gif$image,AVAILABILITY,origin.list,origin.list,2022-03-27 05:54:30.084993,62297716cca955603de08dd6
||ebsoft.web.id/wp-content/banners/,AVAILABILITY,origin.list,origin.list,2022-03-27 05:54:31.352364,62297716cca955603de08dd6
||filmace21.net/imgiklan/*.gif$image,AVAILABILITY,origin.list,origin.list,2022-03-27 05:54:42.086843,62297716cca955603de08dd6
||fb21.*/img/closeX.png$image,AVAILABILITY,origin.list,origin.list,2022-03-27 05:54:43.010011,62297716cca955603de08dd6
||fansubupdate.com/res/img/sampleads/,AVAILABILITY,origin.list,origin.list,2022-03-27 05:54:46.682327,62297716cca955603de08dd6
||fb21.*/wp-content/uploads/*.gif$image,AVAILABILITY,origin.list,origin.list,2022-03-27 05:54:48.137415,62297716cca955603de08dd6
||eramuslim.com/banners,AVAILABILITY,origin.list,origin.list,2022-03-27 05:54:49.942724,62297716cca955603de08dd6
||film-ganool.*/wp-content/uploads/*.gif$image,AVAILABILITY,origin.list,origin.list,2022-03-27 05:54:56.879574,62297716cca955603de08dd6
||film21terbaru.tv/wp-content/uploads/*.gif$image,AVAILABILITY,origin.list,origin.list,2022-03-27 05:55:01.460347,62297716cca955603de08dd6
||filmace21.net/imgiklanz/*.gif$image,AVAILABILITY,origin.list,origin.list,2022-03-27 06:00:22.393877,62297716cca955603de08dd6
"||fix.samlike.net/fixsafe.js$script,domain=animebatch.web.id",AVAILABILITY,origin.list,origin.list,2022-03-27 06:00:23.654987,62297716cca955603de08dd6
||forumbitcoin.co.id/other/banner/*-*.$image,AVAILABILITY,origin.list,origin.list,2022-03-27 06:00:25.471789,62297716cca955603de08dd6
||film21terbaru.org/wp-content/uploads/*.gif$image,AVAILABILITY,origin.list,origin.list,2022-03-27 06:00:25.471788,62297716cca955603de08dd6
||filmbioskop21.*/wp-content/uploads/*.gif$image,AVAILABILITY,origin.list,origin.list,2022-03-27 06:00:26.108740,62297716cca955603de08dd6
||forumbookie.com/banner/,AVAILABILITY,origin.list,origin.list,2022-03-27 06:00:31.494946,62297716cca955603de08dd6
||galaxyxxi.*/wp-content/uploads/*.gif$image,AVAILABILITY,origin.list,origin.list,2022-03-27 06:00:38.217463,62297716cca955603de08dd6
||filmbaru.in/wp-content/uploads/*.gif$image,AVAILABILITY,origin.list,origin.list,2022-03-27 06:00:39.043363,62297716cca955603de08dd6
||ganool.city/iklan/$image,AVAILABILITY,origin.list,origin.list,2022-03-27 06:00:40.823035,62297716cca955603de08dd6
||forumkami.net/ad125x125/,AVAILABILITY,origin.list,origin.list,2022-03-27 06:00:41.668043,62297716cca955603de08dd6
||forumkami.net/ad200x50/,AVAILABILITY,origin.list,origin.list,2022-03-27 06:00:43.618525,62297716cca955603de08dd6
||ganool.my.id/wp-content/uploads/2016/05/download-button.gif,AVAILABILITY,origin.list,origin.list,2022-03-27 06:00:45.976078,62297716cca955603de08dd6
||gmovies.org/wp-content/uploads/*.gif$image,AVAILABILITY,origin.list,origin.list,2022-03-27 06:00:49.899572,62297716cca955603de08dd6
||ganool.link/wp-content/uploads/*.gif$image,AVAILABILITY,origin.list,origin.list,2022-03-27 06:00:50.560604,62297716cca955603de08dd6
"||gm21.xyz/wp-content/uploads/*.gif$image,~third-party",AVAILABILITY,origin.list,origin.list,2022-03-27 06:00:50.959847,62297716cca955603de08dd6
"||gets.kadal.club/js/getlinkz.js$script,domain=alex71.com",AVAILABILITY,origin.list,origin.list,2022-03-27 06:00:51.792696,62297716cca955603de08dd6
||grandxxi.*/img/banner/*.gif$image,AVAILABILITY,origin.list,origin.list,2022-03-27 06:00:56.082914,62297716cca955603de08dd6
||gudangmovies21.*/wp-content/uploads/*.gif$image,AVAILABILITY,origin.list,origin.list,2022-03-27 06:00:58.808205,62297716cca955603de08dd6
||gsshop.co.id^*/background/banner-,AVAILABILITY,origin.list,origin.list,2022-03-27 06:01:00.420666,62297716cca955603de08dd6
||harakah.net.my/images/stories/iklan/,AVAILABILITY,origin.list,origin.list,2022-03-27 06:01:02.638804,62297716cca955603de08dd6
||harianjogja.com/banner/,AVAILABILITY,origin.list,origin.list,2022-03-27 06:01:03.147717,62297716cca955603de08dd6
||henscripts.googlecode.com/svn/trunk/popup/jspopupv1.js,AVAILABILITY,origin.list,origin.list,2022-03-27 06:01:06.412283,62297716cca955603de08dd6
||hightech.web.id^*/?site=$popup,AVAILABILITY,origin.list,origin.list,2022-03-27 06:01:08.815273,62297716cca955603de08dd6
||hotabis.com/wp-content/uploads/*.gif$image,AVAILABILITY,origin.list,origin.list,2022-03-27 06:01:09.962767,62297716cca955603de08dd6
||harianjogja.com/img/bnr/,AVAILABILITY,origin.list,origin.list,2022-03-27 06:01:10.182717,62297716cca955603de08dd6
||id.techinasia.com/OneSignalSDKWorker.js,AVAILABILITY,origin.list,origin.list,2022-03-27 06:01:14.964171,62297716cca955603de08dd6
"||i.ibb.co/*.gif$image,domain=kazefuri.web.id",AVAILABILITY,origin.list,origin.list,2022-03-27 06:01:15.199536,62297716cca955603de08dd6
||idbioskop.com/wp-content/uploads/*/*/ad-150x300-website.jpg,AVAILABILITY,origin.list,origin.list,2022-03-27 06:01:16.506934,62297716cca955603de08dd6
||idbioskop.com/wp-content/uploads/*/*/300-x-250.png,AVAILABILITY,origin.list,origin.list,2022-03-27 06:01:18.733503,62297716cca955603de08dd6
||id.hao123.com/resource/id/banner/,AVAILABILITY,origin.list,origin.list,2022-03-27 06:01:20.084764,62297716cca955603de08dd6
||idblognetwork.com/images/banner468x60/,AVAILABILITY,origin.list,origin.list,2022-03-27 06:01:21.540795,62297716cca955603de08dd6
||idxxi.*/wp-content/uploads/*.gif$image,AVAILABILITY,origin.list,origin.list,2022-03-27 06:01:25.138805,62297716cca955603de08dd6
||idblognetwork.com/images/banner728x90/,AVAILABILITY,origin.list,origin.list,2022-03-27 06:01:25.356727,62297716cca955603de08dd6
"||idfl.*/assets/js/adst.js$script,~third-party",AVAILABILITY,origin.list,origin.list,2022-03-27 06:01:27.143349,62297716cca955603de08dd6
"||imagebam.com/*.gif$image,domain=ganool.li",AVAILABILITY,origin.list,origin.list,2022-03-27 06:01:28.971077,62297716cca955603de08dd6
||images.gameweb.co.id/gw/ads/,AVAILABILITY,origin.list,origin.list,2022-03-27 06:01:29.325166,62297716cca955603de08dd6
"||img.nt1.co/*.gif$image,domain=dramaserial.xyz",AVAILABILITY,origin.list,origin.list,2022-03-27 06:01:34.283062,62297716cca955603de08dd6
"||img.sukipli.com/*.gif$image,third-party",AVAILABILITY,origin.list,origin.list,2022-03-27 06:01:34.734051,62297716cca955603de08dd6
"||img.teman.stream/tb/*.gif$image,domain=bioskopkerenin.com",AVAILABILITY,origin.list,origin.list,2022-03-27 06:01:35.571176,62297716cca955603de08dd6
"||img.topddl.net^$image,domain=nanimex.com",AVAILABILITY,origin.list,origin.list,2022-03-27 06:01:37.688026,62297716cca955603de08dd6
||indochanger.com/banner/,AVAILABILITY,origin.list,origin.list,2022-03-27 06:01:39.096097,62297716cca955603de08dd6
||impulse.forkcdn.com/pub/kaskus/kaskus/generic.js,AVAILABILITY,origin.list,origin.list,2022-03-27 06:01:42.999624,62297716cca955603de08dd6
||indocinema21.com/banner/,AVAILABILITY,origin.list,origin.list,2022-03-27 06:01:44.860341,62297716cca955603de08dd6
||impulse.forkcdn.com/impulse3/config/impulse.js,AVAILABILITY,origin.list,origin.list,2022-03-27 06:01:45.940753,62297716cca955603de08dd6
||indoforum.top/banners/,AVAILABILITY,origin.list,origin.list,2022-03-27 06:01:48.032298,62297716cca955603de08dd6
||indotelko.com/images/banner/,AVAILABILITY,origin.list,origin.list,2022-03-27 06:01:48.317371,62297716cca955603de08dd6
||indotelko.com/inc/c_banner.js,AVAILABILITY,origin.list,origin.list,2022-03-27 06:01:51.032821,62297716cca955603de08dd6
||indostreamings.*/wp-content/uploads/*.gif$image,AVAILABILITY,origin.list,origin.list,2022-03-27 06:01:53.441510,62297716cca955603de08dd6
||indotelko.com/inc/banner.css,AVAILABILITY,origin.list,origin.list,2022-03-27 06:01:55.700020,62297716cca955603de08dd6
||jagatreview.com/wp-content/uploads/*-SKIN-,AVAILABILITY,origin.list,origin.list,2022-03-27 06:02:01.222532,62297716cca955603de08dd6
||indoxximovie.com/wp-content/uploads/2020/06/realbola.jpg$image,AVAILABILITY,origin.list,origin.list,2022-03-27 06:02:02.211134,62297716cca955603de08dd6
||juragan21.com/wp-content/uploads/*.gif$image,AVAILABILITY,origin.list,origin.list,2022-03-27 06:02:03.429809,62297716cca955603de08dd6
||kaskus.com/images/banner-wap/,AVAILABILITY,origin.list,origin.list,2022-03-27 06:02:04.330536,62297716cca955603de08dd6
||kampus.us/banners/,AVAILABILITY,origin.list,origin.list,2022-03-27 06:02:05.545238,62297716cca955603de08dd6
||kaskus.co.id/images/banner-wap/,AVAILABILITY,origin.list,origin.list,2022-03-27 06:02:09.578687,62297716cca955603de08dd6
||kdramaindo.*/wp-content/uploads/*.gif$image,AVAILABILITY,origin.list,origin.list,2022-03-27 06:02:10.885584,62297716cca955603de08dd6
||kazefuri.web.id/wp-content/themes/Kazebaru/img/300ads.png$image,AVAILABILITY,origin.list,origin.list,2022-03-27 06:02:14.662994,62297716cca955603de08dd6
||kompas.com/data/banner/,AVAILABILITY,origin.list,origin.list,2022-03-27 06:02:15.265770,62297716cca955603de08dd6
"||kebagi.com/*.gif$image,third-party",AVAILABILITY,origin.list,origin.list,2022-03-27 06:02:16.643119,62297716cca955603de08dd6
||kotakgame.com/images/bnr/partner/*.jpg,AVAILABILITY,origin.list,origin.list,2022-03-27 06:02:17.821614,62297716cca955603de08dd6
||kkcdn-static.kaskus.co.id/css_v0.1/img/skin/,AVAILABILITY,origin.list,origin.list,2022-03-27 06:02:18.074307,62297716cca955603de08dd6
||layarkaca21.*/assets/*.gif$image,AVAILABILITY,origin.list,origin.list,2022-03-27 06:02:22.961202,62297716cca955603de08dd6
"||kuyhaa-me.com/meongvpn.js$script,domain=kuyhaa-me.com",AVAILABILITY,origin.list,origin.list,2022-03-27 06:02:23.607740,62297716cca955603de08dd6
||layarkeren.*/wp-content/uploads/*.gif$image,AVAILABILITY,origin.list,origin.list,2022-03-27 06:02:24.378182,62297716cca955603de08dd6
"||lapak-online.net^$popup,third-party",AVAILABILITY,origin.list,origin.list,2022-03-27 06:02:25.317818,62297716cca955603de08dd6
"||layarkaca21.net/anow.js$script,domain=cinemaindo.web.id",AVAILABILITY,origin.list,origin.list,2022-03-27 06:02:26.820748,62297716cca955603de08dd6
||lk21.*/assets/*.gif$image,AVAILABILITY,origin.list,origin.list,2022-03-27 06:02:32.980233,62297716cca955603de08dd6
||lk21n.*/wp-content/uploads/banner/*.gif$image,AVAILABILITY,origin.list,origin.list,2022-03-27 06:02:33.460168,62297716cca955603de08dd6
"||linkgenerator.xyz$script,third-party",AVAILABILITY,origin.list,origin.list,2022-03-27 06:02:35.308613,62297716cca955603de08dd6
||lk21.*/wp-content/uploads/*.gif$image,AVAILABILITY,origin.list,origin.list,2022-03-27 06:02:36.388832,62297716cca955603de08dd6
||lk21c.*/wp-content/uploads/*.gif$image,AVAILABILITY,origin.list,origin.list,2022-03-27 06:02:37.053370,62297716cca955603de08dd6
||lk21i.*/wp-content/uploads/*.gif$image,AVAILABILITY,origin.list,origin.list,2022-03-27 06:02:40.882716,62297716cca955603de08dd6
||lk21v.*/wp-content/uploads/*.gif$image,AVAILABILITY,origin.list,origin.list,2022-03-27 06:02:42.361058,62297716cca955603de08dd6
||lkxxi.*/wp-content/uploads/*.gif$image,AVAILABILITY,origin.list,origin.list,2022-03-27 06:02:45.014357,62297716cca955603de08dd6
||malesbanget.com/js/live/mbdc_billboard.js$script,AVAILABILITY,origin.list,origin.list,2022-03-27 06:02:45.165536,62297716cca955603de08dd6
||lytogame.com/images/partner/$third-party,AVAILABILITY,origin.list,origin.list,2022-03-27 06:02:47.583046,62297716cca955603de08dd6
||lytogame.com/partner/$third-party,AVAILABILITY,origin.list,origin.list,2022-03-27 06:02:50.409625,62297716cca955603de08dd6
||malesbanget.com/js/live/mbdc_inrect1.js$script,AVAILABILITY,origin.list,origin.list,2022-03-27 06:02:54.161208,62297716cca955603de08dd6
||malesbanget.com/js/live/mbdc_inrect2.js$script,AVAILABILITY,origin.list,origin.list,2022-03-27 06:02:54.161147,62297716cca955603de08dd6
||mangacanblog.com/adblock/src/adblock-checker.js,AVAILABILITY,origin.list,origin.list,2022-03-27 06:02:55.399185,62297716cca955603de08dd6
||malesbanget.com/js/live/mbdc_lgbanner.js$script,AVAILABILITY,origin.list,origin.list,2022-03-27 06:02:56.765757,62297716cca955603de08dd6
||mediaindonesia.com/files/banners/,AVAILABILITY,origin.list,origin.list,2022-03-27 06:02:56.913572,62297716cca955603de08dd6
||mangaku.web.id/Gambar/Ads720.html,AVAILABILITY,origin.list,origin.list,2022-03-27 06:03:01.124088,62297716cca955603de08dd6
||mediaindonesia.com/public/banner/flash/,AVAILABILITY,origin.list,origin.list,2022-03-27 06:03:02.346298,62297716cca955603de08dd6
||mediaindonesia.com/ajax/banners,AVAILABILITY,origin.list,origin.list,2022-03-27 06:03:02.976470,62297716cca955603de08dd6
||modifikasi.com/images/banner/*.gif$image,AVAILABILITY,origin.list,origin.list,2022-03-27 06:03:04.722681,62297716cca955603de08dd6
||modifikasi.com/images/banner/$third-party,AVAILABILITY,origin.list,origin.list,2022-03-27 06:03:07.018571,62297716cca955603de08dd6
||modifikasi.com/images/banner_,AVAILABILITY,origin.list,origin.list,2022-03-27 06:03:11.134368,62297716cca955603de08dd6
||movieon21.*/wp-content/uploads/*.gif$image,AVAILABILITY,origin.list,origin.list,2022-03-27 06:03:12.309908,62297716cca955603de08dd6
||movie303.*/wp-content/uploads/*.gif$image,AVAILABILITY,origin.list,origin.list,2022-03-27 06:03:12.394821,62297716cca955603de08dd6
||moviegan.com/wp-content/uploads/*.gif$image,AVAILABILITY,origin.list,origin.list,2022-03-27 06:03:15.653948,62297716cca955603de08dd6
||movietube21.*/wp-content/uploads/*.gif$image,AVAILABILITY,origin.list,origin.list,2022-03-27 06:03:16.780808,62297716cca955603de08dd6
||muhbayu.github.io/adbdetect/js/adbdetect.packed.js,AVAILABILITY,origin.list,origin.list,2022-03-27 06:03:17.555511,62297716cca955603de08dd6
||musisi.com/musifile/images_banner/,AVAILABILITY,origin.list,origin.list,2022-03-27 06:03:21.169079,62297716cca955603de08dd6
||mractionclub.com/banner/,AVAILABILITY,origin.list,origin.list,2022-03-27 06:03:21.204864,62297716cca955603de08dd6
||mydramalist.com/assets/img/blank_spnsr300x250.png$image,AVAILABILITY,origin.list,origin.list,2022-03-27 06:03:22.548647,62297716cca955603de08dd6
||mydramalist.com/assets/img/blank_spnsr.jpg$image,AVAILABILITY,origin.list,origin.list,2022-03-27 06:03:24.940637,62297716cca955603de08dd6
||nanime.biz^$third-party,AVAILABILITY,origin.list,origin.list,2022-03-27 06:03:28.429563,62297716cca955603de08dd6
||newlk21.*/wp-content/uploads/*.gif$image,AVAILABILITY,origin.list,origin.list,2022-03-27 06:03:31.295286,62297716cca955603de08dd6
||nobartv.com/img/banner/*.gif$image,AVAILABILITY,origin.list,origin.list,2022-03-27 06:03:32.684501,62297716cca955603de08dd6
||nobartv.com/adsLoader/$xmlhttprequest,AVAILABILITY,origin.list,origin.list,2022-03-27 06:03:34.861876,62297716cca955603de08dd6
||nonton.club/wp-content/uploads/*.gif$image,AVAILABILITY,origin.list,origin.list,2022-03-27 06:03:36.283881,62297716cca955603de08dd6
||nonton33.*/wp-content/uploads/*.gif$image,AVAILABILITY,origin.list,origin.list,2022-03-27 06:03:37.471136,62297716cca955603de08dd6
||nontonbareng.tv/wp-content/uploads/*.gif$image,AVAILABILITY,origin.list,origin.list,2022-03-27 06:03:41.857162,62297716cca955603de08dd6
||nonton21.*/wp-content/uploads/*.gif$image,AVAILABILITY,origin.list,origin.list,2022-03-27 06:03:43.274570,62297716cca955603de08dd6
||nontonbox.tv/wp-content/uploads/*.gif$image,AVAILABILITY,origin.list,origin.list,2022-03-27 06:03:46.244635,62297716cca955603de08dd6
||nontondrama.*/wp-content/uploads/*.gif$image,AVAILABILITY,origin.list,origin.list,2022-03-27 06:03:46.762379,62297716cca955603de08dd6
||nontonbox.tv/img/closeX.png,AVAILABILITY,origin.list,origin.list,2022-03-27 06:03:49.857763,62297716cca955603de08dd6
||nontonfilmbaru.*/wp-content/uploads/*.gif$image,AVAILABILITY,origin.list,origin.list,2022-03-27 06:03:54.032549,62297716cca955603de08dd6
||nontondramaonline.co/oke/*.gif$image,AVAILABILITY,origin.list,origin.list,2022-03-27 06:03:54.082681,62297716cca955603de08dd6
||nontondramas.*/wp-content/uploads/*.gif$image,AVAILABILITY,origin.list,origin.list,2022-03-27 06:03:54.375314,62297716cca955603de08dd6
||nontonfilm77.*/wp-content/uploads/*.gif$image,AVAILABILITY,origin.list,origin.list,2022-03-27 06:03:55.392577,62297716cca955603de08dd6
||nontonfilmku.*/wp-content/uploads/*.gif$image,AVAILABILITY,origin.list,origin.list,2022-03-27 06:03:57.361102,62297716cca955603de08dd6
||nontonindrama.com/okes/*.gif$image,AVAILABILITY,origin.list,origin.list,2022-03-27 06:04:06.206795,62297716cca955603de08dd6
||nontonindrama.com/oke/*.gif$image,AVAILABILITY,origin.list,origin.list,2022-03-27 06:04:07.182663,62297716cca955603de08dd6
||nontongratis88.*/wp-content/uploads/*.gif$image,AVAILABILITY,origin.list,origin.list,2022-03-27 06:04:08.123199,62297716cca955603de08dd6
||nontonmovie.web.id/banere/*.gif$image,AVAILABILITY,origin.list,origin.list,2022-03-27 06:04:08.319520,62297716cca955603de08dd6
||nontonserial.*/wp-content/uploads/*.gif$image,AVAILABILITY,origin.list,origin.list,2022-03-27 06:04:09.543911,62297716cca955603de08dd6
||playwebgame.com/banner/$third-party,AVAILABILITY,origin.list,origin.list,2022-03-27 06:04:15.825420,62297716cca955603de08dd6
||nontonsub.*/wp-content/uploads/*.gif$image,AVAILABILITY,origin.list,origin.list,2022-03-27 06:04:16.668027,62297716cca955603de08dd6
"||noobscript.com^$script,third-party",AVAILABILITY,origin.list,origin.list,2022-03-27 06:04:19.256187,62297716cca955603de08dd6
||nontonstreaming.co/wp-content/uploads/*.gif$image,AVAILABILITY,origin.list,origin.list,2022-03-27 06:04:20.098234,62297716cca955603de08dd6
||primbon.com/banner/ilmugendam.gif,AVAILABILITY,origin.list,origin.list,2022-03-27 06:04:20.256914,62297716cca955603de08dd6
||raw.githack.com/jefcom/jefar/master/jefar.js$script,AVAILABILITY,origin.list,origin.list,2022-03-27 06:04:28.234095,62297716cca955603de08dd6
||resep.web.id/banner/,AVAILABILITY,origin.list,origin.list,2022-03-27 06:04:29.438262,62297716cca955603de08dd6
||senimovies.*/wp-content/uploads/*.gif$image,AVAILABILITY,origin.list,origin.list,2022-03-27 06:04:32.249610,62297716cca955603de08dd6
||rikucan.com/wp-content/themes/mh-magazine-lite/js/looping.js,AVAILABILITY,origin.list,origin.list,2022-03-27 06:04:32.663140,62297716cca955603de08dd6
||safelinkblog.com/js/v2.js$script,AVAILABILITY,origin.list,origin.list,2022-03-27 06:04:33.855243,62297716cca955603de08dd6
||semuaberita.com/banner/,AVAILABILITY,origin.list,origin.list,2022-03-27 06:04:40.001786,62297716cca955603de08dd6
"||snacklink.id/js/web-script.js$script,third-party",AVAILABILITY,origin.list,origin.list,2022-03-27 06:04:40.381802,62297716cca955603de08dd6
||serunonton.*/wp-content/uploads/*.gif$image,AVAILABILITY,origin.list,origin.list,2022-03-27 06:04:41.403254,62297716cca955603de08dd6
||sobatkeren.club/img/banner/*.gif$image,AVAILABILITY,origin.list,origin.list,2022-03-27 06:04:47.226092,62297716cca955603de08dd6
||suaramerdeka.com/v1/images/iklan_ffi.$image,AVAILABILITY,origin.list,origin.list,2022-03-27 06:04:47.980691,62297716cca955603de08dd6
||sukanonton.*/wp-content/uploads/*.gif$image,AVAILABILITY,origin.list,origin.list,2022-03-27 06:04:48.625986,62297716cca955603de08dd6
||solopos.com/banner/,AVAILABILITY,origin.list,origin.list,2022-03-27 06:04:49.794068,62297716cca955603de08dd6
||tambahketinggian.com/banner/,AVAILABILITY,origin.list,origin.list,2022-03-27 06:04:55.180130,62297716cca955603de08dd6
||tvkabel.net/prom/*.gif$image,AVAILABILITY,origin.list,origin.list,2022-03-27 06:04:56.510554,62297716cca955603de08dd6
||thirdstarfilm.*/wp-content/uploads/*.gif$image,AVAILABILITY,origin.list,origin.list,2022-03-27 06:05:00.731756,62297716cca955603de08dd6
||tempo.co/webtorial/like/remodal,AVAILABILITY,origin.list,origin.list,2022-03-27 06:05:01.173702,62297716cca955603de08dd6
||tribunnews.com/stylesheets/close.gif,AVAILABILITY,origin.list,origin.list,2022-03-27 06:05:03.237914,62297716cca955603de08dd6
||uploadboy.com/bannerset/,AVAILABILITY,origin.list,origin.list,2022-03-27 06:05:06.694852,62297716cca955603de08dd6
||upload.coblos.net/images/*.gif$image,AVAILABILITY,origin.list,origin.list,2022-03-27 06:05:07.072785,62297716cca955603de08dd6
||utusan.com.my/utusan/iklan/,AVAILABILITY,origin.list,origin.list,2022-03-27 06:05:09.362078,62297716cca955603de08dd6
||www.riau24.com/portal/adv/$image,AVAILABILITY,origin.list,origin.list,2022-03-27 06:05:13.460632,62297716cca955603de08dd6
||wp.com/ryuukoi.web.id/wp-content/uploads/*/antiadblock$image,AVAILABILITY,origin.list,origin.list,2022-03-27 06:05:14.793601,62297716cca955603de08dd6
||yourjavascript.com/0653544211/lompatin.js,AVAILABILITY,origin.list,origin.list,2022-03-27 06:05:16.972219,62297716cca955603de08dd6
||www.shrinkads.com/js/xe.js$script,AVAILABILITY,origin.list,origin.list,2022-03-27 06:05:17.351617,62297716cca955603de08dd6
||yourhealthnoone.com/wt213ad/$subdocument,AVAILABILITY,origin.list,origin.list,2022-03-27 06:05:21.162927,62297716cca955603de08dd6
||yourjavascript.com/1411253239/itu-domino-popup-script.js,AVAILABILITY,origin.list,origin.list,2022-03-27 06:05:22.048288,62297716cca955603de08dd6
@@.gif,AVAILABILITY,origin.list,origin.list,2022-03-27 06:05:26.115897,62297716cca955603de08dd6
@@.jpg,AVAILABILITY,origin.list,origin.list,2022-03-27 06:05:28.679281,62297716cca955603de08dd6
||yourjavascript.com/9422241923/iklan-popweb-goalcoid.js,AVAILABILITY,origin.list,origin.list,2022-03-27 06:05:29.351965,62297716cca955603de08dd6
@@.png,AVAILABILITY,origin.list,origin.list,2022-03-27 06:05:29.993061,62297716cca955603de08dd6
"@@/advertisement-$script,domain=duosia.id",AVAILABILITY,origin.list,origin.list,2022-03-27 06:05:33.692421,62297716cca955603de08dd6
"@@/advertisement.$script,domain=kumpulmanga.org|mangalist.org|rukim.id|samehadaku.tv|teknologilink.com|wizardsubs.com",AVAILABILITY,origin.list,origin.list,2022-03-27 06:05:37.280354,62297716cca955603de08dd6
@@logo*.png,AVAILABILITY,origin.list,origin.list,2022-03-27 06:05:41.563578,62297716cca955603de08dd6
"@@/js/ads.js$script,domain=adlink.pw|adsafelink.net|akuno.net|blogrp.me|ceklink.co|idsly.net|kabarviral.blog|lewat.club|modecepat.com|safe.mirrordown.com|templink.org|virtualdata.me",AVAILABILITY,origin.list,origin.list,2022-03-27 06:05:41.727208,62297716cca955603de08dd6
@@/fuckadblock.js$domain=baritopost.co.id|listingberita.com|suaranasional.com,AVAILABILITY,origin.list,origin.list,2022-03-27 06:05:41.897839,62297716cca955603de08dd6
"@@||.bloggerku.com/safelink/2.0/script.js?$script,domain=animanganews.com",AVAILABILITY,origin.list,origin.list,2022-03-27 06:05:47.459872,62297716cca955603de08dd6
@@||1idsly.com^$generichide,AVAILABILITY,origin.list,origin.list,2022-03-27 06:05:50.708346,62297716cca955603de08dd6
@@||ads.id^$~third-party,AVAILABILITY,origin.list,origin.list,2022-03-27 06:05:54.019800,62297716cca955603de08dd6
"@@||4dbl0ck.info/popunder.js$script,domain=oload.tv",AVAILABILITY,origin.list,origin.list,2022-03-27 06:05:54.610440,62297716cca955603de08dd6
@@||ad4msan.com^$generichide,AVAILABILITY,origin.list,origin.list,2022-03-27 06:05:56.096505,62297716cca955603de08dd6
"@@||ads.kaskus.co.id/widget/ads/create$subdocument,domain=kaskus.co.id",AVAILABILITY,origin.list,origin.list,2022-03-27 06:05:58.491094,62297716cca955603de08dd6
"@@||adsafelink.net/webroot/js/ads.js$script,~third-party",AVAILABILITY,origin.list,origin.list,2022-03-27 06:05:59.953999,62297716cca955603de08dd6
@@||adturl.com^$generichide,AVAILABILITY,origin.list,origin.list,2022-03-27 06:06:01.075522,62297716cca955603de08dd6
@@||advertising-indonesia.id^$~third-party,AVAILABILITY,origin.list,origin.list,2022-03-27 06:06:06.890890,62297716cca955603de08dd6
@@||ainodorama.web.id^$generichide,AVAILABILITY,origin.list,origin.list,2022-03-27 06:06:07.061929,62297716cca955603de08dd6
@@||akuno.net^$generichide,AVAILABILITY,origin.list,origin.list,2022-03-27 06:06:11.560634,62297716cca955603de08dd6
@@||anibatch.me^$generichide,AVAILABILITY,origin.list,origin.list,2022-03-27 06:06:12.107593,62297716cca955603de08dd6
@@||animenonton.tv^$generichide,AVAILABILITY,origin.list,origin.list,2022-03-27 06:06:14.813947,62297716cca955603de08dd6
@@||apkmod.id^$generichide,AVAILABILITY,origin.list,origin.list,2022-03-27 06:06:17.075903,62297716cca955603de08dd6
@@||anoboy.best^$generichide,AVAILABILITY,origin.list,origin.list,2022-03-27 06:06:21.091795,62297716cca955603de08dd6
@@||autoride.pw^$generichide,AVAILABILITY,origin.list,origin.list,2022-03-27 06:06:25.590848,62297716cca955603de08dd6
@@||bagilagi.com^$generichide,AVAILABILITY,origin.list,origin.list,2022-03-27 06:06:26.671329,62297716cca955603de08dd6
@@||batch.id^$generichide,AVAILABILITY,origin.list,origin.list,2022-03-27 06:06:26.864808,62297716cca955603de08dd6
@@||asiancine.com^$generichide,AVAILABILITY,origin.list,origin.list,2022-03-27 06:06:27.175247,62297716cca955603de08dd6
@@||biargreget.top^$generichide,AVAILABILITY,origin.list,origin.list,2022-03-27 06:06:35.648855,62297716cca955603de08dd6
@@||batch.id/wp-content/plugins/lw-adblocker/assets/js/fuckadblock.min.js,AVAILABILITY,origin.list,origin.list,2022-03-27 06:06:36.083314,62297716cca955603de08dd6
@@||cinema-mkv.com^$generichide,AVAILABILITY,origin.list,origin.list,2022-03-27 06:06:40.504547,62297716cca955603de08dd6
@@||cinemamkv.net^$generichide,AVAILABILITY,origin.list,origin.list,2022-03-27 06:06:42.332756,62297716cca955603de08dd6
"@@||blogrp.me/webroot/js/ads.js$script,~third-party",AVAILABILITY,origin.list,origin.list,2022-03-27 06:06:42.337580,62297716cca955603de08dd6
@@||directedlink.net^$generichide,AVAILABILITY,origin.list,origin.list,2022-03-27 06:06:49.519648,62297716cca955603de08dd6
@@||digitalponsel.com^$elemhide,AVAILABILITY,origin.list,origin.list,2022-03-27 06:06:50.702228,62297716cca955603de08dd6
@@||dramaencode.com^$generichide,AVAILABILITY,origin.list,origin.list,2022-03-27 06:06:53.428476,62297716cca955603de08dd6
@@||dukun-cit.com^$generichide,AVAILABILITY,origin.list,origin.list,2022-03-27 06:06:54.980349,62297716cca955603de08dd6
@@||eirudo.com^$generichide,AVAILABILITY,origin.list,origin.list,2022-03-27 06:06:55.047713,62297716cca955603de08dd6
"@@||google-analytics.com/analytics.js$script,domain=pricebook.co.id",AVAILABILITY,origin.list,origin.list,2022-03-27 06:07:01.298032,62297716cca955603de08dd6
@@||game-kentang.blogspot.com^$generichide,AVAILABILITY,origin.list,origin.list,2022-03-27 06:07:03.597229,62297716cca955603de08dd6
@@||gadget2reviews.com^$generichide,AVAILABILITY,origin.list,origin.list,2022-03-27 06:07:04.222424,62297716cca955603de08dd6
"@@||idsly.com/webroot/js/ads.js$script,~third-party",AVAILABILITY,origin.list,origin.list,2022-03-27 06:07:06.360841,62297716cca955603de08dd6
@@||hightech.web.id^$generichide,AVAILABILITY,origin.list,origin.list,2022-03-27 06:07:09.900128,62297716cca955603de08dd6
@@||idsly.com^$generichide,AVAILABILITY,origin.list,origin.list,2022-03-27 06:07:15.256055,62297716cca955603de08dd6
@@||infotekno.net^$generichide,AVAILABILITY,origin.list,origin.list,2022-03-27 06:07:15.525444,62297716cca955603de08dd6
@@||indexmovie.download^$generichide,AVAILABILITY,origin.list,origin.list,2022-03-27 06:07:17.098270,62297716cca955603de08dd6
@@||illyasave.com^$generichide,AVAILABILITY,origin.list,origin.list,2022-03-27 06:07:22.638108,62297716cca955603de08dd6
@@||indozone.me^$generichide,AVAILABILITY,origin.list,origin.list,2022-03-27 06:07:25.578413,62297716cca955603de08dd6
@@||inwepo.co^$generichide,AVAILABILITY,origin.list,origin.list,2022-03-27 06:07:30.184949,62297716cca955603de08dd6
"@@||kabarviral.blog/js/ads.js$script,~third-party",AVAILABILITY,origin.list,origin.list,2022-03-27 06:07:31.801817,62297716cca955603de08dd6
"@@||kertashitam.com/js/advertisement.js$script,domain=kertashitam.com",AVAILABILITY,origin.list,origin.list,2022-03-27 06:07:33.047065,62297716cca955603de08dd6
@@||kaze-batch.blogspot.com^$generichide,AVAILABILITY,origin.list,origin.list,2022-03-27 06:07:36.389245,62297716cca955603de08dd6
@@||komikindo.web.id^$generichide,AVAILABILITY,origin.list,origin.list,2022-03-27 06:07:41.514049,62297716cca955603de08dd6
@@||komikcast.com^$generichide,AVAILABILITY,origin.list,origin.list,2022-03-27 06:07:42.306874,62297716cca955603de08dd6
@@||klikshowtime.com^$generichide,AVAILABILITY,origin.list,origin.list,2022-03-27 06:07:42.770251,62297716cca955603de08dd6
@@||komikstation.com^$generichide,AVAILABILITY,origin.list,origin.list,2022-03-27 06:07:44.119445,62297716cca955603de08dd6
"@@||leantoro.com/wp-content/plugins/newkarma-core/js/fuckadblock.js$script,~third-party",AVAILABILITY,origin.list,origin.list,2022-03-27 06:07:49.810367,62297716cca955603de08dd6
"@@||lewat.club/js/ads.js$script,~third-party",AVAILABILITY,origin.list,origin.list,2022-03-27 06:07:50.232645,62297716cca955603de08dd6
@@||ljutkeunvpn.blogspot.com^$generichide,AVAILABILITY,origin.list,origin.list,2022-03-27 06:07:51.716350,62297716cca955603de08dd6
@@||majalahikan.com^$generichide,AVAILABILITY,origin.list,origin.list,2022-03-27 06:07:55.578342,62297716cca955603de08dd6
@@||mangacanblog.com^$generichide,AVAILABILITY,origin.list,origin.list,2022-03-27 06:07:57.716736,62297716cca955603de08dd6
@@||nama.web.id^$generichide,AVAILABILITY,origin.list,origin.list,2022-03-27 06:08:00.474370,62297716cca955603de08dd6
@@||mivo.com^$generichide,AVAILABILITY,origin.list,origin.list,2022-03-27 06:08:03.291603,62297716cca955603de08dd6
"@@||modecepat.com/js/ads.js$script,~third-party",AVAILABILITY,origin.list,origin.list,2022-03-27 06:08:03.336130,62297716cca955603de08dd6
@@||nekonime.tv^$generichide,AVAILABILITY,origin.list,origin.list,2022-03-27 06:08:08.077472,62297716cca955603de08dd6
@@||nanonime.com^$generichide,AVAILABILITY,origin.list,origin.list,2022-03-27 06:08:10.737233,62297716cca955603de08dd6
"@@||nekopoi.cash/wp-content/themes/ThemeNekopoi/js/adsbygoogle.js$script,~third-party",AVAILABILITY,origin.list,origin.list,2022-03-27 06:08:14.022694,62297716cca955603de08dd6
"@@||nekopoi.care/wp-content/themes/ThemeNekopoi/js/adsbygoogle.js$script,~third-party",AVAILABILITY,origin.list,origin.list,2022-03-27 06:08:14.033743,62297716cca955603de08dd6
@@||ngantukberat.me^$generichide,AVAILABILITY,origin.list,origin.list,2022-03-27 06:08:14.929409,62297716cca955603de08dd6
"@@||nekopoi.lol/wp-content/themes/ThemeNekopoi/js/adsbygoogle.js$script,~third-party",AVAILABILITY,origin.list,origin.list,2022-03-27 06:08:15.095632,62297716cca955603de08dd6
@@||novelgo.id^$generichide,AVAILABILITY,origin.list,origin.list,2022-03-27 06:08:22.246534,62297716cca955603de08dd6
@@||omahkpop.com^$generichide,AVAILABILITY,origin.list,origin.list,2022-03-27 06:08:23.678244,62297716cca955603de08dd6
@@||njiir.com^$generichide,AVAILABILITY,origin.list,origin.list,2022-03-27 06:08:24.054321,62297716cca955603de08dd6
"@@||ngantukberat.me/wp-content/plugins/wp-safelink-v3/assets/fuckadblock.js$script,~third-party",AVAILABILITY,origin.list,origin.list,2022-03-27 06:08:24.471079,62297716cca955603de08dd6
@@||otakuindo.net^$generichide,AVAILABILITY,origin.list,origin.list,2022-03-27 06:08:24.704242,62297716cca955603de08dd6
@@||oploverz.in^$generichide,AVAILABILITY,origin.list,origin.list,2022-03-27 06:08:29.482031,62297716cca955603de08dd6
"@@||pubads.g.doubleclick.net/gampad/ads?$xmlhttprequest,domain=kompas.com",AVAILABILITY,origin.list,origin.list,2022-03-27 06:08:34.132834,62297716cca955603de08dd6
"@@||pagead2.googlesyndication.com/pagead/js/adsbygoogle.js$script,domain=ad4msan.win|aksensei.com|animenyus.com|animexin.jin-7.com|belajarbro.id|datasekolah.co.id|dukun-cit.com|gembelcit.net|illyasave.com|indozone.me|infolokerserang.com|lewat.club|modecepat.com|nekopoi.web.id|pugam.com|sedot.link|www.download.web.id",AVAILABILITY,origin.list,origin.list,2022-03-27 06:08:34.632913,62297716cca955603de08dd6
"@@||rawcdn.githack.com/KecoaTerbank/safelink/$script,domain=eleventhlevelinteractive.com",AVAILABILITY,origin.list,origin.list,2022-03-27 06:08:35.057787,62297716cca955603de08dd6
@@||radarlombok.co.id^$generichide,AVAILABILITY,origin.list,origin.list,2022-03-27 06:08:38.350994,62297716cca955603de08dd6
@@||razorlink.us^$generichide,AVAILABILITY,origin.list,origin.list,2022-03-27 06:08:39.543452,62297716cca955603de08dd6
@@||sanjayaops.com^$generichide,AVAILABILITY,origin.list,origin.list,2022-03-27 06:08:40.418040,62297716cca955603de08dd6
@@||riauonline.co.id^$generichide,AVAILABILITY,origin.list,origin.list,2022-03-27 06:08:45.047675,62297716cca955603de08dd6
@@||sdrama.com^$generichide,AVAILABILITY,origin.list,origin.list,2022-03-27 06:08:46.849806,62297716cca955603de08dd6
@@||ryuukoi.web.id^$generichide,AVAILABILITY,origin.list,origin.list,2022-03-27 06:08:47.065959,62297716cca955603de08dd6
@@||shirosafe.web.id^$generichide,AVAILABILITY,origin.list,origin.list,2022-03-27 06:08:48.408056,62297716cca955603de08dd6
"@@||safe.mirrordown.com/js/ads.js$script,~third-party",AVAILABILITY,origin.list,origin.list,2022-03-27 06:08:49.646340,62297716cca955603de08dd6
"@@||unpkg.com/flickity@2.0.10/dist/flickity.pkgd.min.js$script,domain=animekita.net|mangaid.co|nontonanime.id",AVAILABILITY,origin.list,origin.list,2022-03-27 06:08:55.060525,62297716cca955603de08dd6
@@||suarankri.me^$generichide,AVAILABILITY,origin.list,origin.list,2022-03-27 06:08:55.117931,62297716cca955603de08dd6
@@||shirainime.com^$generichide,AVAILABILITY,origin.list,origin.list,2022-03-27 06:08:56.626701,62297716cca955603de08dd6
@@||tokusatsuindo.com^$generichide,AVAILABILITY,origin.list,origin.list,2022-03-27 06:08:58.304124,62297716cca955603de08dd6
"@@||unpkg.com/flickity@2.0/dist/flickity.pkgd.min.js$script,domain=animekita.net|mangaid.co|nontonanime.id",AVAILABILITY,origin.list,origin.list,2022-03-27 06:08:59.283593,62297716cca955603de08dd6
@@||updatetribun.^$generichide,AVAILABILITY,origin.list,origin.list,2022-03-27 06:09:03.842653,62297716cca955603de08dd6
"@@||virtualdata.me/webroot/js/ads.js$script,~third-party",AVAILABILITY,origin.list,origin.list,2022-03-27 06:09:05.324749,62297716cca955603de08dd6
"aktual.id,datasekolah.co.id",AVAILABILITY,origin.list,origin.list,2022-03-27 06:09:07.081990,62297716cca955603de08dd6
@@||zaqe.xyz^$generichide,AVAILABILITY,origin.list,origin.list,2022-03-27 06:09:07.744108,62297716cca955603de08dd6
"@@||www.googletagmanager.com/gtm.js$script,domain=inet.detik.com",AVAILABILITY,origin.list,origin.list,2022-03-27 06:09:08.102080,62297716cca955603de08dd6
"gurusd.web.id,kurikulum.co.id",AVAILABILITY,origin.list,origin.list,2022-03-27 06:09:10.612162,62297716cca955603de08dd6
"budiarto.id,cinemaindo.web.id,filmapik.tv",AVAILABILITY,origin.list,origin.list,2022-03-27 06:09:15.360577,62297716cca955603de08dd6
"harianjogja.com,solopos.com",AVAILABILITY,origin.list,origin.list,2022-03-27 06:09:16.416441,62297716cca955603de08dd6
"inilah.com,kompasiana.com",AVAILABILITY,origin.list,origin.list,2022-03-27 06:09:17.172964,62297716cca955603de08dd6
"ekonomi.inilah.com,teknologi.inilah.com",AVAILABILITY,origin.list,origin.list,2022-03-27 06:09:19.527940,62297716cca955603de08dd6
"idxxx1.com,indoxx1.co,sidrama.com,sukamovie.club",AVAILABILITY,origin.list,origin.list,2022-03-27 06:09:19.858021,62297716cca955603de08dd6
bioskopmovie.tv,AVAILABILITY,origin.list,origin.list,2022-03-27 06:09:24.810106,62297716cca955603de08dd6
"detik.com,pikiran-rakyat.com",AVAILABILITY,origin.list,origin.list,2022-03-27 06:09:25.816031,62297716cca955603de08dd6
"jogja.tribunnews.com,wartakota.tribunnews.com",AVAILABILITY,origin.list,origin.list,2022-03-27 06:09:26.611359,62297716cca955603de08dd6
"cmovieshd.se,ganool.se",AVAILABILITY,origin.list,origin.list,2022-03-27 06:09:29.672740,62297716cca955603de08dd6
"blog.tribunjualbeli.com,tribunnews.com",AVAILABILITY,origin.list,origin.list,2022-03-27 06:09:31.126163,62297716cca955603de08dd6
"idfl.me,r-l.me,teknoup.com",AVAILABILITY,origin.list,origin.list,2022-03-27 06:09:33.544955,62297716cca955603de08dd6
"cinema-indo.com,cinemaindo.web.id,filmbagus21.info,filmbagus21.web.id,ganool.li,layarkaca21.com,layarkaca21.net,layarkaca21.tv,layarkaca21.web.id,lk21.org,lk21.tv,nonton21.net,nontonmovie.web.id",AVAILABILITY,origin.list,origin.list,2022-03-27 06:09:34.006614,62297716cca955603de08dd6
"cinema-indo.com,layarkaca21.net,layarkaca21.tv,layarkaca21.web.id,lk21.me,lk21.org,lk21.tv,nonton21.net,nontonmovie.web.id",AVAILABILITY,origin.list,origin.list,2022-03-27 06:09:34.562423,62297716cca955603de08dd6
"idfl.me,r-l.me",AVAILABILITY,origin.list,origin.list,2022-03-27 06:09:35.034110,62297716cca955603de08dd6
"fb21.tv,nonton21.tv,nontonserial.com",AVAILABILITY,origin.list,origin.list,2022-03-27 06:09:37.319102,62297716cca955603de08dd6
"bioskop212.net,cinemastar21.com,nontonfilm21.club,sinema21.id",AVAILABILITY,origin.list,origin.list,2022-03-27 06:09:41.520429,62297716cca955603de08dd6
moviebaru21.com,AVAILABILITY,origin.list,origin.list,2022-03-27 06:09:41.546750,62297716cca955603de08dd6
"lk21.pw,lk21.web.id,lk21tv.com,sinemaindo.web.id",AVAILABILITY,origin.list,origin.list,2022-03-27 06:09:42.332729,62297716cca955603de08dd6
"cinema-indo.web.id,dunia21tv.com,layarcinema.tv,lk21tv.com",AVAILABILITY,origin.list,origin.list,2022-03-27 06:09:43.762543,62297716cca955603de08dd6
"149.28.158.117,animexin.xyz,awsubs.co",AVAILABILITY,origin.list,origin.list,2022-03-27 06:09:44.134744,62297716cca955603de08dd6
"bioskop78.com,movie76.net",AVAILABILITY,origin.list,origin.list,2022-03-27 06:09:47.207496,62297716cca955603de08dd6
"bioskop007.club,bioskop1080.com,bioskop212.net,bioskop55.club,bioskop55.me,bioskop90.com,bioskop90.me,cinema007.com,cinemastar21.com,nontononline99.com",AVAILABILITY,origin.list,origin.list,2022-03-27 06:09:47.487745,62297716cca955603de08dd6
"bioskop78.com,bioskop99.me,bioskop99.mobi,nonton33.com,nonton33.tv",AVAILABILITY,origin.list,origin.list,2022-03-27 06:09:48.460446,62297716cca955603de08dd6
"bioskop55.me,bioskopgalaxy21.com,bioskopstar88.com,cinemaqq.com,juraganmovie.net,juragantomatx.com,movie76.net,nontonlk21.live",AVAILABILITY,origin.list,origin.list,2022-03-27 06:09:49.401979,62297716cca955603de08dd6
"cinemaindo.web.id,layarkaca21.com,layarkaca21.net,layarkaca21.web.id,lk21.org",AVAILABILITY,origin.list,origin.list,2022-03-27 06:09:50.197175,62297716cca955603de08dd6
"cinema-indo.com,nonton21.net,nontonmovie.web.id",AVAILABILITY,origin.list,origin.list,2022-03-27 06:09:53.087718,62297716cca955603de08dd6
"dewabioskop21.org,dwa21.org",AVAILABILITY,origin.list,origin.list,2022-03-27 06:09:54.248940,62297716cca955603de08dd6
"cinemaindo.web.id,sinemaindo.web.id",AVAILABILITY,origin.list,origin.list,2022-03-27 06:09:54.253202,62297716cca955603de08dd6
"indoxxi.top,indoxxi.tv",AVAILABILITY,origin.list,origin.list,2022-03-27 06:09:54.579297,62297716cca955603de08dd6
"b201.info,bioskop201.biz",AVAILABILITY,origin.list,origin.list,2022-03-27 06:09:54.678205,62297716cca955603de08dd6
"fastdrama.co,hkfree.co",AVAILABILITY,origin.list,origin.list,2022-03-27 06:09:57.073774,62297716cca955603de08dd6
"idxx1.top,indoxx1.com",AVAILABILITY,origin.list,origin.list,2022-03-27 06:09:57.461052,62297716cca955603de08dd6
"dunia21.cx,ganool.watch,lk21tv.com,movies21.co",AVAILABILITY,origin.list,origin.list,2022-03-27 06:09:58.188301,62297716cca955603de08dd6
"dunia21.me,dunia21.net,dunia21.org,dunia21.wtf",AVAILABILITY,origin.list,origin.list,2022-03-27 06:09:58.362058,62297716cca955603de08dd6
"cinema-indo.com,cinemaindo.web.id,layarkaca21.net,layarkaca21.web.id,lk21.org,nonton21.net,nontonmovie.web.id",AVAILABILITY,origin.list,origin.list,2022-03-27 06:09:58.633555,62297716cca955603de08dd6
"cafecinema.cc,dramamu.net,lk21.io",AVAILABILITY,origin.list,origin.list,2022-03-27 06:09:59.950029,62297716cca955603de08dd6
"dunia21s.fun,fb21.tv,lk21.li,nonton21.tv",AVAILABILITY,origin.list,origin.list,2022-03-27 06:10:01.096427,62297716cca955603de08dd6
"lk21.li,nonton21.tv",AVAILABILITY,origin.list,origin.list,2022-03-27 06:10:02.062090,62297716cca955603de08dd6
"ayononton.co,dunia21.cx,layarkaca21.com,layarkaca21.web.id,lk21tv.com,terbit21.cool",AVAILABILITY,origin.list,origin.list,2022-03-27 06:10:02.075636,62297716cca955603de08dd6
youtube-mp3.my,AVAILABILITY,origin.list,origin.list,2022-03-27 06:10:03.157966,62297716cca955603de08dd6
"dunia21s.fun,fb21.tv,lk21.li,nonton21.tv,nontonserial.com",AVAILABILITY,origin.list,origin.list,2022-03-27 06:10:03.895528,62297716cca955603de08dd6
"drakorindo.fun,kazemanga.xyz",AVAILABILITY,origin.list,origin.list,2022-03-27 06:10:06.411695,62297716cca955603de08dd6
"22cinema.download,bioskop201.biz,bioskopgalaxy21.com,bioskopmovie.tv,cinemaindo.com,cinemaindo.stream,cinemaindo.tv,downloadfilmbaru.com,film-ganool.co,film-ganool.com,filmbaru.in,ganool.nl,ganool.ph,komiku.net,movie76.net,nontonmovie.web.id",AVAILABILITY,origin.list,origin.list,2022-03-27 06:10:06.598050,62297716cca955603de08dd6
22cinema.download,AVAILABILITY,origin.list,origin.list,2022-03-27 06:10:07.221707,62297716cca955603de08dd6
"dunia21.top,lk21.cc",AVAILABILITY,origin.list,origin.list,2022-03-27 06:10:09.138317,62297716cca955603de08dd6
"22cinema.download,animexin.xyz,bioskop201.biz,bioskop21.co,bioskopgalaxy21.com,cinemaindo.stream,cinemaindo.tv,downloadfilmbaru.com,filmbaru.in,ganool.nl,ganool.ph,kikil.net,komiku.net,layarbiru21.com,movie76.net,nontonmovie.web.id",AVAILABILITY,origin.list,origin.list,2022-03-27 06:10:10.348080,62297716cca955603de08dd6
"bioskopkerenin.com,dunia21.cx,ganool.watch,ganool21.watch,kebioskop21.com,kebioskop21.online,lk21.web.id,lk21tv.com,movies21.co,sinemaindo.web.id",AVAILABILITY,origin.list,origin.list,2022-03-27 06:10:11.144369,62297716cca955603de08dd6
"kapanlagi.com,otosia.com",AVAILABILITY,origin.list,origin.list,2022-03-27 06:10:11.527340,62297716cca955603de08dd6
"indoxxi.tv,xx1.tv",AVAILABILITY,origin.list,origin.list,2022-03-27 06:10:12.524300,62297716cca955603de08dd6
"senimovie.info,senimovies.net",AVAILABILITY,origin.list,origin.list,2022-03-27 06:10:14.279016,62297716cca955603de08dd6
"bioskop78.com,bioskopgalaxy21.com,juraganmovie.net,juragantomatx.com,movie76.net",AVAILABILITY,origin.list,origin.list,2022-03-27 06:10:15.291467,62297716cca955603de08dd6
clip.cewecewe.com,AVAILABILITY,origin.list,origin.list,2022-03-27 06:10:16.391830,62297716cca955603de08dd6
"cinemaindo.com,cinemaindo.stream",AVAILABILITY,origin.list,origin.list,2022-03-27 06:10:16.946012,62297716cca955603de08dd6
"apkmod.id,hightech.web.id,nama.web.id,novelgo.id,paraedu.id,radarlombok.co.id",AVAILABILITY,origin.list,origin.list,2022-03-27 06:10:17.688519,62297716cca955603de08dd6
"mangaku.in,mangaku.web.id",AVAILABILITY,origin.list,origin.list,2022-03-27 06:10:19.552977,62297716cca955603de08dd6
"dramacool.io,dramanice.io,k-vid.com",AVAILABILITY,origin.list,origin.list,2022-03-27 06:10:19.732517,62297716cca955603de08dd6
"139.99.120.222,158.69.54.218,nonton21.tv,nontonserial.com,ns21.me",AVAILABILITY,origin.list,origin.list,2022-03-27 06:10:22.462529,62297716cca955603de08dd6
"animebatchs.com,goblintvfree.com,juragan-anime.net,nanime.in",AVAILABILITY,origin.list,origin.list,2022-03-27 06:10:25.702034,62297716cca955603de08dd6
"dewanonton.vip,dwanonton.com",AVAILABILITY,origin.list,origin.list,2022-03-27 06:10:25.839137,62297716cca955603de08dd6
"dewabioskop21.asia,dewabioskop21.org",AVAILABILITY,origin.list,origin.list,2022-03-27 06:10:25.947892,62297716cca955603de08dd6
indonesiasatu.kompas.com,AVAILABILITY,origin.list,origin.list,2022-03-27 06:10:26.488574,62297716cca955603de08dd6
"lapar.com,loveindonesia.com",AVAILABILITY,origin.list,origin.list,2022-03-27 06:10:31.140725,62297716cca955603de08dd6
"103.194.171.75,idtube.me",AVAILABILITY,origin.list,origin.list,2022-03-27 06:10:32.581340,62297716cca955603de08dd6
"nontonmovie.web.id,videocrot.org",AVAILABILITY,origin.list,origin.list,2022-03-27 06:10:32.694260,62297716cca955603de08dd6
"anime17.net,cosmogirl.co.id",AVAILABILITY,origin.list,origin.list,2022-03-27 06:10:34.480743,62297716cca955603de08dd6
"didrakorindo.com,indoxx1.pw,indoxxi.pictures,sukanonton.online",AVAILABILITY,origin.list,origin.list,2022-03-27 06:10:34.776804,62297716cca955603de08dd6
bioskop201.biz,AVAILABILITY,origin.list,origin.list,2022-03-27 06:10:39.648107,62297716cca955603de08dd6
"neonime.com,neonime.vip",AVAILABILITY,origin.list,origin.list,2022-03-27 06:10:39.888612,62297716cca955603de08dd6
teknologi.inilah.com,AVAILABILITY,origin.list,origin.list,2022-03-27 06:10:39.998343,62297716cca955603de08dd6
"greget.space,siherp.com,tetew.info",AVAILABILITY,origin.list,origin.list,2022-03-27 06:10:40.506199,62297716cca955603de08dd6
"ganool.is,ganool.ph,ganool.se,ganool.st",AVAILABILITY,origin.list,origin.list,2022-03-27 06:10:40.552299,62297716cca955603de08dd6
128.199.102.111,AVAILABILITY,origin.list,origin.list,2022-03-27 06:10:41.389179,62297716cca955603de08dd6
"didrakorindo.com,indoxxi.pictures,nontonfilm25.co,pintubioskop.com,sukanonton.online",AVAILABILITY,origin.list,origin.list,2022-03-27 06:10:45.739472,62297716cca955603de08dd6
"drakorasia.net,ryuukoi.web.id",AVAILABILITY,origin.list,origin.list,2022-03-27 06:10:47.827333,62297716cca955603de08dd6
"animeindo.video,animeindo.web.id",AVAILABILITY,origin.list,origin.list,2022-03-27 06:10:48.923492,62297716cca955603de08dd6
"bioskop168.co,semi168.club",AVAILABILITY,origin.list,origin.list,2022-03-27 06:10:50.413927,62297716cca955603de08dd6
"layarkaca21.tv,lk21.tv",AVAILABILITY,origin.list,origin.list,2022-03-27 06:10:51.019770,62297716cca955603de08dd6
"ganoollk21.info,juraganfilm.com",AVAILABILITY,origin.list,origin.list,2022-03-27 06:10:52.513257,62297716cca955603de08dd6
"103.194.171.75,dutafilm.us",AVAILABILITY,origin.list,origin.list,2022-03-27 06:10:54.429725,62297716cca955603de08dd6
"apk.miuiku.com,lewat.club",AVAILABILITY,origin.list,origin.list,2022-03-27 06:10:56.786548,62297716cca955603de08dd6
"indoxx1.art,indoxxi.bz",AVAILABILITY,origin.list,origin.list,2022-03-27 06:10:58.935957,62297716cca955603de08dd6
"cinemaindo.web.id,filmbagus21.info",AVAILABILITY,origin.list,origin.list,2022-03-27 06:11:00.706570,62297716cca955603de08dd6
"bioskop90.com,nontonganool.net,sejutafilm.com",AVAILABILITY,origin.list,origin.list,2022-03-27 06:11:01.070567,62297716cca955603de08dd6
"ns21.tv,ns21.us",AVAILABILITY,origin.list,origin.list,2022-03-27 06:11:01.847416,62297716cca955603de08dd6
"nontondramaonline.co,nontondramaonline.net",AVAILABILITY,origin.list,origin.list,2022-03-27 06:11:05.301653,62297716cca955603de08dd6
"mediapermata.com.bn,terkini.id",AVAILABILITY,origin.list,origin.list,2022-03-27 06:11:05.464843,62297716cca955603de08dd6
"bioskoptigalima.com,icinema3satu.net",AVAILABILITY,origin.list,origin.list,2022-03-27 06:11:07.750652,62297716cca955603de08dd6
bioskop007.club,AVAILABILITY,origin.list,origin.list,2022-03-27 06:11:07.865166,62297716cca955603de08dd6
"bioskopgalaxy21.com,indostreamings.xyz,semi168.xyz,tvkabel.net",AVAILABILITY,origin.list,origin.list,2022-03-27 06:11:08.492173,62297716cca955603de08dd6
sukamovie.club,AVAILABILITY,origin.list,origin.list,2022-03-27 06:11:11.653996,62297716cca955603de08dd6
"dewabioskop21.org,idxxx1.com,lapar.com,nontonitu.com",AVAILABILITY,origin.list,origin.list,2022-03-27 06:11:11.831381,62297716cca955603de08dd6
"bioskopxxi.net,sinemakaca.com",AVAILABILITY,origin.list,origin.list,2022-03-27 06:11:13.787291,62297716cca955603de08dd6
kazefuri.blogspot.com,AVAILABILITY,origin.list,origin.list,2022-03-27 06:11:14.616084,62297716cca955603de08dd6
dl.ocanoke.com,AVAILABILITY,origin.list,origin.list,2022-03-27 06:11:15.478486,62297716cca955603de08dd6
"cinema-indo.web.id,dunia21tv.com,layarcinema.tv",AVAILABILITY,origin.list,origin.list,2022-03-27 06:11:16.138503,62297716cca955603de08dd6
"kabarviral.blog,lewat.club",AVAILABILITY,origin.list,origin.list,2022-03-27 06:11:16.509515,62297716cca955603de08dd6
"gigapurbalingga.net,kuyhaa-me.com",AVAILABILITY,origin.list,origin.list,2022-03-27 06:11:20.052200,62297716cca955603de08dd6
filmterbaru.id,AVAILABILITY,origin.list,origin.list,2022-03-27 06:11:20.223753,62297716cca955603de08dd6
"idtube.me,idxx1.top",AVAILABILITY,origin.list,origin.list,2022-03-27 06:11:20.396518,62297716cca955603de08dd6
"kompas.com,tribunnews.com",AVAILABILITY,origin.list,origin.list,2022-03-27 06:11:20.409940,62297716cca955603de08dd6
"lihat.co.id,oploverz.bz",AVAILABILITY,origin.list,origin.list,2022-03-27 06:11:20.685493,62297716cca955603de08dd6
-abgqq.$image,AVAILABILITY,origin.list,origin.list,2022-03-27 06:11:24.531860,62297716cca955603de08dd6
-agenqq-$image,AVAILABILITY,origin.list,origin.list,2022-03-27 06:11:24.970129,62297716cca955603de08dd6
-agen-judi-$image,AVAILABILITY,origin.list,origin.list,2022-03-27 06:11:26.625966,62297716cca955603de08dd6
-agen-poker-$image,AVAILABILITY,origin.list,origin.list,2022-03-27 06:11:26.946437,62297716cca955603de08dd6
-agenbet.$image,AVAILABILITY,origin.list,origin.list,2022-03-27 06:11:27.827485,62297716cca955603de08dd6
-agungpoker.$image,AVAILABILITY,origin.list,origin.list,2022-03-27 06:11:31.675906,62297716cca955603de08dd6
-bandarbetqq-$image,AVAILABILITY,origin.list,origin.list,2022-03-27 06:11:33.927436,62297716cca955603de08dd6
-bisabet.$image,AVAILABILITY,origin.list,origin.list,2022-03-27 06:11:35.129311,62297716cca955603de08dd6
-bandarkiu.$image,AVAILABILITY,origin.list,origin.list,2022-03-27 06:11:35.946500,62297716cca955603de08dd6
-banner-togel-$image,AVAILABILITY,origin.list,origin.list,2022-03-27 06:11:36.113635,62297716cca955603de08dd6
-bolaonline.$image,AVAILABILITY,origin.list,origin.list,2022-03-27 06:11:39.278734,62297716cca955603de08dd6
-cantikqq-728.gif|$image,AVAILABILITY,origin.list,origin.list,2022-03-27 06:11:41.265874,62297716cca955603de08dd6
-capsa365.$image,AVAILABILITY,origin.list,origin.list,2022-03-27 06:11:41.770152,62297716cca955603de08dd6
-cantikqq-728-$image,AVAILABILITY,origin.list,origin.list,2022-03-27 06:11:44.958139,62297716cca955603de08dd6
-capsa365-$image,AVAILABILITY,origin.list,origin.list,2022-03-27 06:11:45.910185,62297716cca955603de08dd6
-capsaqq-$image,AVAILABILITY,origin.list,origin.list,2022-03-27 06:11:47.425882,62297716cca955603de08dd6
-dewatangkas-$image,AVAILABILITY,origin.list,origin.list,2022-03-27 06:11:49.658406,62297716cca955603de08dd6
-cariqq-$image,AVAILABILITY,origin.list,origin.list,2022-03-27 06:11:51.432793,62297716cca955603de08dd6
-divapoker-$image,AVAILABILITY,origin.list,origin.list,2022-03-27 06:11:52.629992,62297716cca955603de08dd6
-dewiqq.$image,AVAILABILITY,origin.list,origin.list,2022-03-27 06:11:55.358880,62297716cca955603de08dd6
-domino168.$image,AVAILABILITY,origin.list,origin.list,2022-03-27 06:11:56.200818,62297716cca955603de08dd6
-divaqq.$image,AVAILABILITY,origin.list,origin.list,2022-03-27 06:12:00.817689,62297716cca955603de08dd6
-emasbet.$image,AVAILABILITY,origin.list,origin.list,2022-03-27 06:12:00.932644,62297716cca955603de08dd6
-elangcapsa-$image,AVAILABILITY,origin.list,origin.list,2022-03-27 06:12:00.935288,62297716cca955603de08dd6
-ezykasino.$image,AVAILABILITY,origin.list,origin.list,2022-03-27 06:12:02.372779,62297716cca955603de08dd6
-freebet-bonus-$image,AVAILABILITY,origin.list,origin.list,2022-03-27 06:12:06.674837,62297716cca955603de08dd6
-hitsbola-*.gif|$image,AVAILABILITY,origin.list,origin.list,2022-03-27 06:12:11.473217,62297716cca955603de08dd6
-hoki365.$image,AVAILABILITY,origin.list,origin.list,2022-03-27 06:12:11.511603,62297716cca955603de08dd6
-hanabet.$image,AVAILABILITY,origin.list,origin.list,2022-03-27 06:12:14.211336,62297716cca955603de08dd6
-hoki365-$image,AVAILABILITY,origin.list,origin.list,2022-03-27 06:12:16.062098,62297716cca955603de08dd6
-hokicapsa-$image,AVAILABILITY,origin.list,origin.list,2022-03-27 06:12:19.344520,62297716cca955603de08dd6
-indomaxbet-$image,AVAILABILITY,origin.list,origin.list,2022-03-27 06:12:22.163407,62297716cca955603de08dd6
-hokiqq-$image,AVAILABILITY,origin.list,origin.list,2022-03-27 06:12:22.536625,62297716cca955603de08dd6
-incarqq.$image,AVAILABILITY,origin.list,origin.list,2022-03-27 06:12:26.233122,62297716cca955603de08dd6
-indopokerlink-$image,AVAILABILITY,origin.list,origin.list,2022-03-27 06:12:26.997638,62297716cca955603de08dd6
-jasacash.gif|$image,AVAILABILITY,origin.list,origin.list,2022-03-27 06:12:32.519117,62297716cca955603de08dd6
-itubandar-$image,AVAILABILITY,origin.list,origin.list,2022-03-27 06:12:33.382277,62297716cca955603de08dd6
-jakartaqq-$image,AVAILABILITY,origin.list,origin.list,2022-03-27 06:12:35.502779,62297716cca955603de08dd6
-jakartaqq.$image,AVAILABILITY,origin.list,origin.list,2022-03-27 06:12:40.263352,62297716cca955603de08dd6
-jasaqq-$image,AVAILABILITY,origin.list,origin.list,2022-03-27 06:12:44.237764,62297716cca955603de08dd6
-jasaqq.$image,AVAILABILITY,origin.list,origin.list,2022-03-27 06:12:45.192611,62297716cca955603de08dd6
-joker123_$image,AVAILABILITY,origin.list,origin.list,2022-03-27 06:12:47.294363,62297716cca955603de08dd6
-juaracapsa-$image,AVAILABILITY,origin.list,origin.list,2022-03-27 06:12:47.500071,62297716cca955603de08dd6
-juaraqq-$image,AVAILABILITY,origin.list,origin.list,2022-03-27 06:12:53.617869,62297716cca955603de08dd6
-kartu66-728-$image,AVAILABILITY,origin.list,origin.list,2022-03-27 06:12:57.114823,62297716cca955603de08dd6
-juaraqq.$image,AVAILABILITY,origin.list,origin.list,2022-03-27 06:12:59.384188,62297716cca955603de08dd6
-kartu-online.$image,AVAILABILITY,origin.list,origin.list,2022-03-27 06:12:59.385743,62297716cca955603de08dd6
-jpslot88-$image,AVAILABILITY,origin.list,origin.list,2022-03-27 06:12:59.666119,62297716cca955603de08dd6
-kartu66-728.gif|$image,AVAILABILITY,origin.list,origin.list,2022-03-27 06:13:06.130191,62297716cca955603de08dd6
-klik365-728-$image,AVAILABILITY,origin.list,origin.list,2022-03-27 06:13:08.974749,62297716cca955603de08dd6
-klikqq-728-$image,AVAILABILITY,origin.list,origin.list,2022-03-27 06:13:10.228575,62297716cca955603de08dd6
-klik66-728.gif|$image,AVAILABILITY,origin.list,origin.list,2022-03-27 06:13:12.638979,62297716cca955603de08dd6
-klik66-728-$image,AVAILABILITY,origin.list,origin.list,2022-03-27 06:13:12.773719,62297716cca955603de08dd6
-lexabet.$image,AVAILABILITY,origin.list,origin.list,2022-03-27 06:13:18.746335,62297716cca955603de08dd6
-liga99-728-$image,AVAILABILITY,origin.list,origin.list,2022-03-27 06:13:20.667564,62297716cca955603de08dd6
-klikqq-728.gif|$image,AVAILABILITY,origin.list,origin.list,2022-03-27 06:13:23.583139,62297716cca955603de08dd6
-liga99-728.gif|$image,AVAILABILITY,origin.list,origin.list,2022-03-27 06:13:23.918989,62297716cca955603de08dd6
-ligabola-728.gif|$image,AVAILABILITY,origin.list,origin.list,2022-03-27 06:13:28.342117,62297716cca955603de08dd6
-ligabola-728-$image,AVAILABILITY,origin.list,origin.list,2022-03-27 06:13:30.558552,62297716cca955603de08dd6
-ligapoker-$image,AVAILABILITY,origin.list,origin.list,2022-03-27 06:13:35.340672,62297716cca955603de08dd6
-ligacapsa-$image,AVAILABILITY,origin.list,origin.list,2022-03-27 06:13:35.952140,62297716cca955603de08dd6
-ligapoker728.gif|$image,AVAILABILITY,origin.list,origin.list,2022-03-27 06:13:37.867284,62297716cca955603de08dd6
-ligaqq.$image,AVAILABILITY,origin.list,origin.list,2022-03-27 06:13:42.494167,62297716cca955603de08dd6
-lonteqq-$image,AVAILABILITY,origin.list,origin.list,2022-03-27 06:13:42.768399,62297716cca955603de08dd6
-lotus2d1.$image,AVAILABILITY,origin.list,origin.list,2022-03-27 06:13:49.391435,62297716cca955603de08dd6
-melatipoker-$image,AVAILABILITY,origin.list,origin.list,2022-03-27 06:13:49.675972,62297716cca955603de08dd6
-misiqq-$image,AVAILABILITY,origin.list,origin.list,2022-03-27 06:13:51.222467,62297716cca955603de08dd6
-pokerindo-$image,AVAILABILITY,origin.list,origin.list,2022-03-27 06:13:52.330845,62297716cca955603de08dd6
-murnibet-$image,AVAILABILITY,origin.list,origin.list,2022-03-27 06:13:58.375756,62297716cca955603de08dd6
-rajacapsa.$image,AVAILABILITY,origin.list,origin.list,2022-03-27 06:14:00.972765,62297716cca955603de08dd6
-oppabetnew.$image,AVAILABILITY,origin.list,origin.list,2022-03-27 06:14:03.532205,62297716cca955603de08dd6
-mutiarapoker.gif|$image,AVAILABILITY,origin.list,origin.list,2022-03-27 06:14:04.442354,62297716cca955603de08dd6
-priaqq-728.gif|$image,AVAILABILITY,origin.list,origin.list,2022-03-27 06:14:05.032296,62297716cca955603de08dd6
-qq-slot-$image,AVAILABILITY,origin.list,origin.list,2022-03-27 06:14:09.955573,62297716cca955603de08dd6
-priaqq-728-$image,AVAILABILITY,origin.list,origin.list,2022-03-27 06:14:11.295516,62297716cca955603de08dd6
-rgocasino.$image,AVAILABILITY,origin.list,origin.list,2022-03-27 06:14:15.736937,62297716cca955603de08dd6
-qqjoker-$image,AVAILABILITY,origin.list,origin.list,2022-03-27 06:14:17.578618,62297716cca955603de08dd6
-rgocasino-$image,AVAILABILITY,origin.list,origin.list,2022-03-27 06:14:18.057336,62297716cca955603de08dd6
-rajakasino.$image,AVAILABILITY,origin.list,origin.list,2022-03-27 06:14:24.413023,62297716cca955603de08dd6
-sbcc.gif|$image,AVAILABILITY,origin.list,origin.list,2022-03-27 06:14:25.963656,62297716cca955603de08dd6
-sirajaqq-$image,AVAILABILITY,origin.list,origin.list,2022-03-27 06:14:32.081709,62297716cca955603de08dd6
-rivalqq.$image,AVAILABILITY,origin.list,origin.list,2022-03-27 06:14:32.593153,62297716cca955603de08dd6
-tiketbet.$image,AVAILABILITY,origin.list,origin.list,2022-03-27 06:14:33.418771,62297716cca955603de08dd6
-situs-poker-online-$image,AVAILABILITY,origin.list,origin.list,2022-03-27 06:14:39.802927,62297716cca955603de08dd6
-sponsorqq.$image,AVAILABILITY,origin.list,origin.list,2022-03-27 06:14:41.367116,62297716cca955603de08dd6
-tototix.gif$image,AVAILABILITY,origin.list,origin.list,2022-03-27 06:14:47.480292,62297716cca955603de08dd6
-transpoker.$image,AVAILABILITY,origin.list,origin.list,2022-03-27 06:14:49.256890,62297716cca955603de08dd6
-tri7bet.$image,AVAILABILITY,origin.list,origin.list,2022-03-27 06:14:49.920369,62297716cca955603de08dd6
-tugupoker-$image,AVAILABILITY,origin.list,origin.list,2022-03-27 06:14:55.194597,62297716cca955603de08dd6
-tugupoker.$image,AVAILABILITY,origin.list,origin.list,2022-03-27 06:14:55.978049,62297716cca955603de08dd6
-visitogel.$image,AVAILABILITY,origin.list,origin.list,2022-03-27 06:14:57.923148,62297716cca955603de08dd6
-viralqq-$image,AVAILABILITY,origin.list,origin.list,2022-03-27 06:14:57.993833,62297716cca955603de08dd6
-warnaqq-$image,AVAILABILITY,origin.list,origin.list,2022-03-27 06:15:06.111422,62297716cca955603de08dd6
-wpbet365.$image,AVAILABILITY,origin.list,origin.list,2022-03-27 06:15:07.132993,62297716cca955603de08dd6
/1xbet250.gif|$image,AVAILABILITY,origin.list,origin.list,2022-03-27 06:15:12.384699,62297716cca955603de08dd6
/12naga.gif|$image,AVAILABILITY,origin.list,origin.list,2022-03-27 06:15:13.240297,62297716cca955603de08dd6
/1xbetnew.gif|$image,AVAILABILITY,origin.list,origin.list,2022-03-27 06:15:15.410306,62297716cca955603de08dd6
/1xbet.$image,AVAILABILITY,origin.list,origin.list,2022-03-27 06:15:16.917115,62297716cca955603de08dd6
/28bet.$image,AVAILABILITY,origin.list,origin.list,2022-03-27 06:15:18.766161,62297716cca955603de08dd6
/365agen-$image,AVAILABILITY,origin.list,origin.list,2022-03-27 06:15:21.156361,62297716cca955603de08dd6
/365qiuqiu-$image,AVAILABILITY,origin.list,origin.list,2022-03-27 06:15:26.925582,62297716cca955603de08dd6
/720x90-jkt2u-$image,AVAILABILITY,origin.list,origin.list,2022-03-27 06:15:33.846188,62297716cca955603de08dd6
/Banner-Bandar303.gif|$image,AVAILABILITY,origin.list,origin.list,2022-03-27 06:15:34.317747,62297716cca955603de08dd6
/526bet-$image,AVAILABILITY,origin.list,origin.list,2022-03-27 06:15:34.861986,62297716cca955603de08dd6
/BANNER-liga88-$image,AVAILABILITY,origin.list,origin.list,2022-03-27 06:15:36.316795,62297716cca955603de08dd6
/728-x-90-$image,AVAILABILITY,origin.list,origin.list,2022-03-27 06:15:43.812154,62297716cca955603de08dd6
"/Banner-Poker$image,third-party",AVAILABILITY,origin.list,origin.list,2022-03-27 06:15:50.291057,62297716cca955603de08dd6
/DEWABANDAR-$image,AVAILABILITY,origin.list,origin.list,2022-03-27 06:15:50.733308,62297716cca955603de08dd6
"/Banner-Suhubola-$image,third-party",AVAILABILITY,origin.list,origin.list,2022-03-27 06:15:52.209762,62297716cca955603de08dd6
/Dazbet.gif$image,AVAILABILITY,origin.list,origin.list,2022-03-27 06:15:53.205476,62297716cca955603de08dd6
/Betcoin-$image,AVAILABILITY,origin.list,origin.list,2022-03-27 06:16:00.858195,62297716cca955603de08dd6
