idna_subject,checker_type,destination,tested_at
[adblock,AVAILABILITY,origin.list,2021-01-13 20:33:03.058247
plus,AVAILABILITY,origin.list,2021-01-13 20:33:06.886935
2.0],AVAILABILITY,origin.list,2021-01-13 20:33:10.204360
!,AVAILABILITY,origin.list,2021-01-13 20:33:13.509957
version:,AVAILABILITY,origin.list,2021-01-13 20:33:16.816810
202012291353,AVAILABILITY,origin.list,2021-01-13 20:33:20.589229
title:,AVAILABILITY,origin.list,2021-01-13 20:33:27.153298
abpindo,AVAILABILITY,origin.list,2021-01-13 20:33:30.944711
description:,AVAILABILITY,origin.list,2021-01-13 20:33:37.483934
filter,AVAILABILITY,origin.list,2021-01-13 20:33:41.260758
tambahan,AVAILABILITY,origin.list,2021-01-13 20:33:44.977449
untuk,AVAILABILITY,origin.list,2021-01-13 20:33:48.692495
easylist,AVAILABILITY,origin.list,2021-01-13 20:33:52.437655
memblokir,AVAILABILITY,origin.list,2021-01-13 20:33:56.152815
iklan,AVAILABILITY,origin.list,2021-01-13 20:33:59.895681
berbahasa,AVAILABILITY,origin.list,2021-01-13 20:34:03.643996
indonesia,AVAILABILITY,origin.list,2021-01-13 20:34:07.402845
dan,AVAILABILITY,origin.list,2021-01-13 20:34:11.126531
malaysia.,AVAILABILITY,origin.list,2021-01-13 20:34:14.846852
last,AVAILABILITY,origin.list,2021-01-13 20:34:21.821378
modified:,AVAILABILITY,origin.list,2021-01-13 20:34:25.111793
dec,AVAILABILITY,origin.list,2021-01-13 20:34:32.553469
13:53,AVAILABILITY,origin.list,2021-01-13 20:34:39.525977
utc,AVAILABILITY,origin.list,2021-01-13 20:34:43.268979
expires:,AVAILABILITY,origin.list,2021-01-13 20:34:49.809418
days,AVAILABILITY,origin.list,2021-01-13 20:34:57.230506
(update,AVAILABILITY,origin.list,2021-01-13 20:35:00.521404
frequency),AVAILABILITY,origin.list,2021-01-13 20:35:03.808000
homepage:,AVAILABILITY,origin.list,2021-01-13 20:35:10.345621
https://github.com/ABPindo/indonesianadblockrules/,AVAILABILITY,origin.list,2021-01-13 20:35:14.902462
licence:,AVAILABILITY,origin.list,2021-01-13 20:35:21.422691
https://raw.githubusercontent.com/ABPindo/indonesianadblockrules/master/LICENSE,AVAILABILITY,origin.list,2021-01-13 20:35:25.231079
please,AVAILABILITY,origin.list,2021-01-13 20:35:35.465909
report,AVAILABILITY,origin.list,2021-01-13 20:35:39.202480
any,AVAILABILITY,origin.list,2021-01-13 20:35:42.922881
unblocked,AVAILABILITY,origin.list,2021-01-13 20:35:46.704279
adverts,AVAILABILITY,origin.list,2021-01-13 20:35:50.445151
or,AVAILABILITY,origin.list,2021-01-13 20:35:54.190923
problems,AVAILABILITY,origin.list,2021-01-13 20:35:57.979748
github,AVAILABILITY,origin.list,2021-01-13 20:36:04.954292
issues:,AVAILABILITY,origin.list,2021-01-13 20:36:08.246192
https://github.com/ABPindo/indonesianadblockrules/issues,AVAILABILITY,origin.list,2021-01-13 20:36:12.059606
pull,AVAILABILITY,origin.list,2021-01-13 20:36:22.342423
requests:,AVAILABILITY,origin.list,2021-01-13 20:36:25.655729
https://github.com/ABPindo/indonesianadblockrules/pulls,AVAILABILITY,origin.list,2021-01-13 20:36:29.540498
----------------------,AVAILABILITY,origin.list,2021-01-13 20:36:39.335201
advert,AVAILABILITY,origin.list,2021-01-13 20:36:43.081844
blocking,AVAILABILITY,origin.list,2021-01-13 20:36:46.824830
filters,AVAILABILITY,origin.list,2021-01-13 20:36:50.580851
----------------------!,AVAILABILITY,origin.list,2021-01-13 20:36:53.895054
***,AVAILABILITY,origin.list,2021-01-13 20:37:00.435898
abpindo:src/advert/adservers.txt,AVAILABILITY,origin.list,2021-01-13 20:37:03.824402
"||05ee3a24ed11df058c8.com^$popup,third-party",AVAILABILITY,origin.list,2021-01-13 20:37:07.116909
"||108.168.231.179^$popup,third-party",AVAILABILITY,origin.list,2021-01-13 20:37:10.481546
||188affiliates.com^$third-party,AVAILABILITY,origin.list,2021-01-13 20:37:13.841506
||2go7v1nes8.com^,AVAILABILITY,origin.list,2021-01-13 20:37:17.148177
||34667c8ece5.com^,AVAILABILITY,origin.list,2021-01-13 20:37:20.476334
||3r1kwxcd.top^$third-party,AVAILABILITY,origin.list,2021-01-13 20:37:23.806949
||64p3am9x95ct.com^$popup,AVAILABILITY,origin.list,2021-01-13 20:37:27.170244
||9eb10b7a3d04a.com^$popup,AVAILABILITY,origin.list,2021-01-13 20:37:30.498743
||9icmzvn6.website^$popup,AVAILABILITY,origin.list,2021-01-13 20:37:33.884558
||a.brand.ad^$third-party,AVAILABILITY,origin.list,2021-01-13 20:37:37.213226
||a01.uadexchange.com^,AVAILABILITY,origin.list,2021-01-13 20:37:40.507387
||a02.uadexchange.com^,AVAILABILITY,origin.list,2021-01-13 20:37:43.821864
||a03.uadexchange.com^,AVAILABILITY,origin.list,2021-01-13 20:37:47.172616
||a04.uadexchange.com^,AVAILABILITY,origin.list,2021-01-13 20:37:50.511169
||a05.uadexchange.com^,AVAILABILITY,origin.list,2021-01-13 20:37:53.814041
||a63t9o1azf.com^$popup,AVAILABILITY,origin.list,2021-01-13 20:37:57.139967
"||abrts.pro^$popup,third-party",AVAILABILITY,origin.list,2021-01-13 20:38:00.528483
||accesstrade.co.id^$third-party,AVAILABILITY,origin.list,2021-01-13 20:38:03.856595
"||ad-loupe.com^$image,third-party",AVAILABILITY,origin.list,2021-01-13 20:38:07.220684
||ad-loupe.com^$third-party,AVAILABILITY,origin.list,2021-01-13 20:38:10.558412
||adaranth.com^$third-party,AVAILABILITY,origin.list,2021-01-13 20:38:13.884891
||adbsys.icu^$popup,AVAILABILITY,origin.list,2021-01-13 20:38:17.243985
||addesigner.com^$third-party,AVAILABILITY,origin.list,2021-01-13 20:38:20.569556
||adflazz.com^$third-party,AVAILABILITY,origin.list,2021-01-13 20:38:23.901845
"||admarketplace.net^$popup,third-party",AVAILABILITY,origin.list,2021-01-13 20:38:27.259519
||admp.io^$third-party,AVAILABILITY,origin.list,2021-01-13 20:38:30.657497
"||adnety.com^$popup,third-party",AVAILABILITY,origin.list,2021-01-13 20:38:34.005213
||adplus.co.id^$third-party,AVAILABILITY,origin.list,2021-01-13 20:38:37.321002
||adpop-1.com^$third-party,AVAILABILITY,origin.list,2021-01-13 20:38:40.641470
||adpstatic.com^$third-party,AVAILABILITY,origin.list,2021-01-13 20:38:43.938479
||adreach.co^$third-party,AVAILABILITY,origin.list,2021-01-13 20:38:47.263106
||adreviewcamp.com^$third-party,AVAILABILITY,origin.list,2021-01-13 20:38:50.560627
||ads-link.net^$third-party,AVAILABILITY,origin.list,2021-01-13 20:38:53.912376
||ads.indosatooredoo.com^$third-party,AVAILABILITY,origin.list,2021-01-13 20:38:57.249094
||ads.telkomsel.com^$third-party,AVAILABILITY,origin.list,2021-01-13 20:39:00.577480
||adsbingo.com^$third-party,AVAILABILITY,origin.list,2021-01-13 20:39:03.891406
||adscpm.site^$third-party,AVAILABILITY,origin.list,2021-01-13 20:39:07.228989
||adshost.site^$third-party,AVAILABILITY,origin.list,2021-01-13 20:39:10.549786
||adskom.com^$third-party,AVAILABILITY,origin.list,2021-01-13 20:39:13.871701
||adslop.com^$third-party,AVAILABILITY,origin.list,2021-01-13 20:39:17.207602
||adtimeselaras.com^$popup,AVAILABILITY,origin.list,2021-01-13 20:39:20.533292
||adtimeselaras.com^$third-party,AVAILABILITY,origin.list,2021-01-13 20:39:23.872359
"||afbcashidr.com^$popup,third-party",AVAILABILITY,origin.list,2021-01-13 20:39:27.271895
||ahcnxuepput.com^$popup,AVAILABILITY,origin.list,2021-01-13 20:39:30.604738
||aj1052.online^$popup,AVAILABILITY,origin.list,2021-01-13 20:39:33.966779
||alertpay.com^$third-party,AVAILABILITY,origin.list,2021-01-13 20:39:37.326901
"||ampclicks.com^$popup,third-party",AVAILABILITY,origin.list,2021-01-13 20:39:40.627597
||anekaiklan.com^$third-party,AVAILABILITY,origin.list,2021-01-13 20:39:43.949729
||aopxnvrugx.com^$popup,AVAILABILITY,origin.list,2021-01-13 20:39:47.247524
||auredzeon.com^$popup,AVAILABILITY,origin.list,2021-01-13 20:39:50.570871
"||axzsd.pro^$popup,third-party",AVAILABILITY,origin.list,2021-01-13 20:39:53.885603
"||azxsd.pro^$popup,third-party",AVAILABILITY,origin.list,2021-01-13 20:39:57.249986
||backwardkneesencroach.com^$third-party,AVAILABILITY,origin.list,2021-01-13 20:40:00.584586
||badskies.com^$third-party,AVAILABILITY,origin.list,2021-01-13 20:40:03.924130
||baliadv.com^$third-party,AVAILABILITY,origin.list,2021-01-13 20:40:07.239581
||bcajjtbzmdrl.com^$popup,AVAILABILITY,origin.list,2021-01-13 20:40:10.582744
||bellaads.com^$third-party,AVAILABILITY,origin.list,2021-01-13 20:40:13.909318
||cfs.u-ad.info^,AVAILABILITY,origin.list,2021-01-13 20:40:17.237444
||cfs.uzone.id^,AVAILABILITY,origin.list,2021-01-13 20:40:20.629124
||cfs2.uzone.id^,AVAILABILITY,origin.list,2021-01-13 20:40:23.995534
||chidsimp.com^$third-party,AVAILABILITY,origin.list,2021-01-13 20:40:27.335828
||chqspuonctkgz.com^$popup,AVAILABILITY,origin.list,2021-01-13 20:40:30.626798
"||cjsab.com^$popup,third-party",AVAILABILITY,origin.list,2021-01-13 20:40:33.951398
||click.eclk.club^$popup,AVAILABILITY,origin.list,2021-01-13 20:40:37.274969
||clickmedia.co.id^$third-party,AVAILABILITY,origin.list,2021-01-13 20:40:40.610975
||clicks.pipaffiliates.com^,AVAILABILITY,origin.list,2021-01-13 20:40:43.938302
||clicks.pipaffiliates.com^$popup,AVAILABILITY,origin.list,2021-01-13 20:40:47.269928
||craydark.pw^$third-party,AVAILABILITY,origin.list,2021-01-13 20:40:50.606776
||csf.uzone.id^,AVAILABILITY,origin.list,2021-01-13 20:40:53.943566
||d01.notifa.info^,AVAILABILITY,origin.list,2021-01-13 20:40:57.293950
||d0p21g2fep.com^,AVAILABILITY,origin.list,2021-01-13 20:41:00.683100
||d1f05vr3sjsuy7.cloudfront.net^$script,AVAILABILITY,origin.list,2021-01-13 20:41:03.988684
||d2405b0jymm2dk.cloudfront.net^,AVAILABILITY,origin.list,2021-01-13 20:41:07.353460
||d24afgsm39csxt.cloudfront.net^,AVAILABILITY,origin.list,2021-01-13 20:41:10.684604
||d2jn12r3o7an7z.cloudfront.net^,AVAILABILITY,origin.list,2021-01-13 20:41:14.009770
||d3t5ngjixpjdho.cloudfront.net^,AVAILABILITY,origin.list,2021-01-13 20:41:17.319655
||d72gb9oukw3j.com^$popup,AVAILABILITY,origin.list,2021-01-13 20:41:20.705941
||daero.pw^$popup,AVAILABILITY,origin.list,2021-01-13 20:41:24.033340
"||dafa.io^$popup,third-party",AVAILABILITY,origin.list,2021-01-13 20:41:27.387479
||dairouzy.net^$popup,AVAILABILITY,origin.list,2021-01-13 20:41:30.711223
||dalj98ktasppa.cloudfront.net^,AVAILABILITY,origin.list,2021-01-13 20:41:34.100195
"||dearerfonder.info^$popup,third-party",AVAILABILITY,origin.list,2021-01-13 20:41:37.447492
||dewsburg.info^$third-party,AVAILABILITY,origin.list,2021-01-13 20:41:40.825534
||digiads.co.id^$popup,AVAILABILITY,origin.list,2021-01-13 20:41:44.223946
||digiads.co.id^$third-party,AVAILABILITY,origin.list,2021-01-13 20:41:47.553062
||doathair.com^$third-party,AVAILABILITY,origin.list,2021-01-13 20:41:50.918142
||domnovrek.com^$third-party,AVAILABILITY,origin.list,2021-01-13 20:41:54.290969
||drda5yf9kgz5p.cloudfront.net^,AVAILABILITY,origin.list,2021-01-13 20:41:57.597897
||dzbx8qv1at614.cloudfront.net^,AVAILABILITY,origin.list,2021-01-13 20:42:00.909632
||e7393e33565ce805.com^$popup,AVAILABILITY,origin.list,2021-01-13 20:42:04.248837
||eclkmpbn.com^$third-party,AVAILABILITY,origin.list,2021-01-13 20:42:07.609797
||eclkmpsa.com^$third-party,AVAILABILITY,origin.list,2021-01-13 20:42:10.977210
||edomz.com^$third-party,AVAILABILITY,origin.list,2021-01-13 20:42:14.300848
||edspectsm.fun^$third-party,AVAILABILITY,origin.list,2021-01-13 20:42:17.695971
||epfcfhtjxqd.com^$popup,AVAILABILITY,origin.list,2021-01-13 20:42:21.012401
||estoopsi.com^,AVAILABILITY,origin.list,2021-01-13 20:42:24.377397
||etoads.net^$popup,AVAILABILITY,origin.list,2021-01-13 20:42:27.723795
||etoads.net^$third-party,AVAILABILITY,origin.list,2021-01-13 20:42:31.116166
||flexterkita.com^$third-party,AVAILABILITY,origin.list,2021-01-13 20:42:34.502553
||fnkyyrgraizy.com^$popup,AVAILABILITY,origin.list,2021-01-13 20:42:37.825872
||frpiksdeygy.com^$popup,AVAILABILITY,origin.list,2021-01-13 20:42:41.149951
||fryruejoust.cam^$popup,AVAILABILITY,origin.list,2021-01-13 20:42:44.549809
||furocmay.com^$popup,AVAILABILITY,origin.list,2021-01-13 20:42:47.863607
||gbrrrxbodqdlq.com^$popup,AVAILABILITY,origin.list,2021-01-13 20:42:51.252172
||gbrrrxbodqdlq.com^$script,AVAILABILITY,origin.list,2021-01-13 20:42:54.664871
||goingsilltrusty.com^,AVAILABILITY,origin.list,2021-01-13 20:42:58.057371
||groucign.com^$third-party,AVAILABILITY,origin.list,2021-01-13 20:43:01.382767
||groupiklan.com^$third-party,AVAILABILITY,origin.list,2021-01-13 20:43:04.743944
||grushashuka.pro^$popup,AVAILABILITY,origin.list,2021-01-13 20:43:08.073594
||gudangbanner.com^$third-party,AVAILABILITY,origin.list,2021-01-13 20:43:11.378059
||halal.ad^$third-party,AVAILABILITY,origin.list,2021-01-13 20:43:14.714957
||hegarberetrof.pro^$popup,AVAILABILITY,origin.list,2021-01-13 20:43:18.040017
||herdethi.net^$third-party,AVAILABILITY,origin.list,2021-01-13 20:43:21.364304
||hitadsmedia.com^$third-party,AVAILABILITY,origin.list,2021-01-13 20:43:24.725661
||hoegutvie.com^$popup,AVAILABILITY,origin.list,2021-01-13 20:43:28.027394
||hosillfir.site^,AVAILABILITY,origin.list,2021-01-13 20:43:31.396743
||ibnads.xl.co.id^$third-party,AVAILABILITY,origin.list,2021-01-13 20:43:34.796186
||iklan-laris.com^$third-party,AVAILABILITY,origin.list,2021-01-13 20:43:38.129256
||iklanads.com^$third-party,AVAILABILITY,origin.list,2021-01-13 20:43:41.437540
||iklanbarisgratis.com^$third-party,AVAILABILITY,origin.list,2021-01-13 20:43:44.752834
||iklanbarismu.com^$third-party,AVAILABILITY,origin.list,2021-01-13 20:43:48.082170
||iklanblogger.com^$third-party,AVAILABILITY,origin.list,2021-01-13 20:43:51.455041
||iklanbogor.com^$third-party,AVAILABILITY,origin.list,2021-01-13 20:43:54.808167
||iklandenpasar.com^$third-party,AVAILABILITY,origin.list,2021-01-13 20:43:58.172216
||iklangratis.com^$third-party,AVAILABILITY,origin.list,2021-01-13 20:44:01.502050
||iklangratis88.com^$third-party,AVAILABILITY,origin.list,2021-01-13 20:44:04.827059
||iklanhemat.com^$third-party,AVAILABILITY,origin.list,2021-01-13 20:44:08.183147
||iklanhoki.com^$third-party,AVAILABILITY,origin.list,2021-01-13 20:44:11.511035
||iklanoke.com^$third-party,AVAILABILITY,origin.list,2021-01-13 20:44:14.920838
||iklantelevisi.com^$third-party,AVAILABILITY,origin.list,2021-01-13 20:44:18.247794
||iklantext.com^$third-party,AVAILABILITY,origin.list,2021-01-13 20:44:21.583308
||iklantop.net^$third-party,AVAILABILITY,origin.list,2021-01-13 20:44:24.912575
||iklanumum.com^$third-party,AVAILABILITY,origin.list,2021-01-13 20:44:28.332688
||indobanner.com^$third-party,AVAILABILITY,origin.list,2021-01-13 20:44:31.774350
||indofreeads.com^$third-party,AVAILABILITY,origin.list,2021-01-13 20:44:35.072494
||indoleads.com^$third-party,AVAILABILITY,origin.list,2021-01-13 20:44:38.374580
"||istana-impian.com^$popup,third-party",AVAILABILITY,origin.list,2021-01-13 20:44:41.702925
"||istana-impian2.com^$popup,third-party",AVAILABILITY,origin.list,2021-01-13 20:44:45.044496
||istanaiklan.com^$third-party,AVAILABILITY,origin.list,2021-01-13 20:44:48.401961
"||istanaimpian1.com^$popup,third-party",AVAILABILITY,origin.list,2021-01-13 20:44:51.762106
"||istanaimpian2.com^$popup,third-party",AVAILABILITY,origin.list,2021-01-13 20:44:55.110946
"||istanaimpian3.com^$popup,third-party",AVAILABILITY,origin.list,2021-01-13 20:44:58.475669
"||iupqelechcmj.com^$popup,third-party",AVAILABILITY,origin.list,2021-01-13 20:45:01.805785
||iwtserve.com^$popup,AVAILABILITY,origin.list,2021-01-13 20:45:05.167927
||jagoiklan.com^$third-party,AVAILABILITY,origin.list,2021-01-13 20:45:08.506532
||jagopromo.com^$third-party,AVAILABILITY,origin.list,2021-01-13 20:45:11.836063
||jasaiklan.com^$third-party,AVAILABILITY,origin.list,2021-01-13 20:45:15.159988
||javaiklan.com^$third-party,AVAILABILITY,origin.list,2021-01-13 20:45:18.471543
||jillsclickcorner.com^$third-party,AVAILABILITY,origin.list,2021-01-13 20:45:21.835918
||juruiklan.com^$third-party,AVAILABILITY,origin.list,2021-01-13 20:45:25.200290
||katurars.com^$popup,AVAILABILITY,origin.list,2021-01-13 20:45:28.581959
||kdbumyha.com^$popup,AVAILABILITY,origin.list,2021-01-13 20:45:31.924877
||kdbumyha.com^$script,AVAILABILITY,origin.list,2021-01-13 20:45:35.253967
||klikajadeh.com^$third-party,AVAILABILITY,origin.list,2021-01-13 20:45:38.588389
||kozoysnsx.com^,AVAILABILITY,origin.list,2021-01-13 20:45:41.916866
||kozoysnsx.com^$popup,AVAILABILITY,origin.list,2021-01-13 20:45:45.222906
||l9tdhe6.com^$popup,AVAILABILITY,origin.list,2021-01-13 20:45:48.613397
||ld82ydd.com^$popup,AVAILABILITY,origin.list,2021-01-13 20:45:51.938766
||leoceran.pw^$popup,AVAILABILITY,origin.list,2021-01-13 20:45:55.343171
||lokeriklan.com^$third-party,AVAILABILITY,origin.list,2021-01-13 20:45:58.732139
||lopzitpup.com^$script,AVAILABILITY,origin.list,2021-01-13 20:46:02.051050
||lpaizureik.com^$popup,AVAILABILITY,origin.list,2021-01-13 20:46:05.397187
||lugtardam.com^$script,AVAILABILITY,origin.list,2021-01-13 20:46:08.798650
||luven.xyz^$popup,AVAILABILITY,origin.list,2021-01-13 20:46:12.153913
||luven.xyz^$third-party,AVAILABILITY,origin.list,2021-01-13 20:46:15.489043
||masteriklan.net^$third-party,AVAILABILITY,origin.list,2021-01-13 20:46:18.797847
"||mediab.uy^$popup,third-party",AVAILABILITY,origin.list,2021-01-13 20:46:22.174760
||mesiniklan.andipublisher.com^$third-party,AVAILABILITY,origin.list,2021-01-13 20:46:25.542353
||misxgkvnlf.com^$popup,AVAILABILITY,origin.list,2021-01-13 20:46:28.866251
||misxgkvnlf.com^$script,AVAILABILITY,origin.list,2021-01-13 20:46:32.198151
||motosal.net^$popup,AVAILABILITY,origin.list,2021-01-13 20:46:35.616625
||mousheen.net^$third-party,AVAILABILITY,origin.list,2021-01-13 20:46:39.007561
||mybannermaker.com^$third-party,AVAILABILITY,origin.list,2021-01-13 20:46:42.335891
||naetoris.pw^$popup,AVAILABILITY,origin.list,2021-01-13 20:46:45.670459
||newsupdatewe.info^$third-party,AVAILABILITY,origin.list,2021-01-13 20:46:49.088092
"||octafx.com^$popup,third-party",AVAILABILITY,origin.list,2021-01-13 20:46:52.512808
"||offerjuice.me^$popup,third-party",AVAILABILITY,origin.list,2021-01-13 20:46:55.832399
||ofphanpytor.com^$popup,AVAILABILITY,origin.list,2021-01-13 20:46:59.149478
||ojeergoy.com^,AVAILABILITY,origin.list,2021-01-13 20:47:02.499207
||olenation.org^$popup,AVAILABILITY,origin.list,2021-01-13 20:47:05.819681
||olkrzytv.com^$popup,AVAILABILITY,origin.list,2021-01-13 20:47:09.146000
||olmsoneenh.info^$popup,AVAILABILITY,origin.list,2021-01-13 20:47:12.540045
"||onclkds.com^$popup,third-party",AVAILABILITY,origin.list,2021-01-13 20:47:15.857733
||openadserving.com^$third-party,AVAILABILITY,origin.list,2021-01-13 20:47:19.186537
||ourtherss.top^$third-party,AVAILABILITY,origin.list,2021-01-13 20:47:22.526320
||p01.notifa.info^,AVAILABILITY,origin.list,2021-01-13 20:47:25.897332
||p02.notifa.info^,AVAILABILITY,origin.list,2021-01-13 20:47:29.236562
||p03.notifa.info^,AVAILABILITY,origin.list,2021-01-13 20:47:32.564808
||p04.notifa.info^,AVAILABILITY,origin.list,2021-01-13 20:47:35.909885
||p05.notifa.info^,AVAILABILITY,origin.list,2021-01-13 20:47:39.223533
||padssup.com^$third-party,AVAILABILITY,origin.list,2021-01-13 20:47:42.626380
||paidforfree.com^$third-party,AVAILABILITY,origin.list,2021-01-13 20:47:45.928757
||pasangiklan.com^$third-party,AVAILABILITY,origin.list,2021-01-13 20:47:49.273633
||pasariklanbaris.com^$third-party,AVAILABILITY,origin.list,2021-01-13 20:47:52.608064
||paypopup.com^$third-party,AVAILABILITY,origin.list,2021-01-13 20:47:55.999185
||pc3ads.com^$third-party,AVAILABILITY,origin.list,2021-01-13 20:47:59.367864
||peevopoy.com^$third-party,AVAILABILITY,origin.list,2021-01-13 20:48:02.733925
||phastoag.com^$third-party,AVAILABILITY,origin.list,2021-01-13 20:48:06.070037
||phca85g3n400.com^$third-party,AVAILABILITY,origin.list,2021-01-13 20:48:09.432707
||pheersie.com^$popup,AVAILABILITY,origin.list,2021-01-13 20:48:12.807354
||phudrour.net^$popup,AVAILABILITY,origin.list,2021-01-13 20:48:16.179053
||pondokiklan.com^$third-party,AVAILABILITY,origin.list,2021-01-13 20:48:19.489154
"||popclck.net^$popup,third-party",AVAILABILITY,origin.list,2021-01-13 20:48:22.820697
"||popunderjs.club^$popup,third-party",AVAILABILITY,origin.list,2021-01-13 20:48:26.133010
||presbanise.pw^$third-party,AVAILABILITY,origin.list,2021-01-13 20:48:29.501483
||promobagus.com^$third-party,AVAILABILITY,origin.list,2021-01-13 20:48:32.828072
||promotioncamp.com^$third-party,AVAILABILITY,origin.list,2021-01-13 20:48:36.202261
||props.id^$third-party,AVAILABILITY,origin.list,2021-01-13 20:48:39.595310
||publish.web.id^$third-party,AVAILABILITY,origin.list,2021-01-13 20:48:42.923583
||pusatiklan.com^$third-party,AVAILABILITY,origin.list,2021-01-13 20:48:46.317665
||pushqwer.com^$third-party,AVAILABILITY,origin.list,2021-01-13 20:48:49.653165
||q1xyxm89.com^$popup,AVAILABILITY,origin.list,2021-01-13 20:48:52.957450
||realwap.net^$third-party,AVAILABILITY,origin.list,2021-01-13 20:48:56.325743
"||replase.gq^$popup,third-party",AVAILABILITY,origin.list,2021-01-13 20:49:00.411022
"||replase.ml^$popup,third-party",AVAILABILITY,origin.list,2021-01-13 20:49:03.782832
||ridingintractable.com^$popup,AVAILABILITY,origin.list,2021-01-13 20:49:07.084977
||roojouma.com^$third-party,AVAILABILITY,origin.list,2021-01-13 20:49:10.384588
||rufadses.net^$third-party,AVAILABILITY,origin.list,2021-01-13 20:49:13.751710
||s2pops.club^$popup,AVAILABILITY,origin.list,2021-01-13 20:49:17.081216
||sanglah.com^$third-party,AVAILABILITY,origin.list,2021-01-13 20:49:20.425434
||sarapbeh.com^$third-party,AVAILABILITY,origin.list,2021-01-13 20:49:23.754801
||sawnowepage.com^$third-party,AVAILABILITY,origin.list,2021-01-13 20:49:27.111586
"||scriptall.ml^$popup,third-party",AVAILABILITY,origin.list,2021-01-13 20:49:30.469376
||sebar.idblognetwork.com^$third-party,AVAILABILITY,origin.list,2021-01-13 20:49:33.870669
"||see-work.info^$popup,third-party",AVAILABILITY,origin.list,2021-01-13 20:49:37.261511
||sentrapromosi.com^$third-party,AVAILABILITY,origin.list,2021-01-13 20:49:40.594464
"||serbada.com^$image,third-party",AVAILABILITY,origin.list,2021-01-13 20:49:43.915961
||serbapromo.com^$third-party,AVAILABILITY,origin.list,2021-01-13 20:49:47.285596
||shiiuojjccp.com^$popup,AVAILABILITY,origin.list,2021-01-13 20:49:50.608080
"||shiokambing2.com^$popup,third-party",AVAILABILITY,origin.list,2021-01-13 20:49:54.012557
||shqbsdjatunl.com^$popup,AVAILABILITY,origin.list,2021-01-13 20:49:57.371423
||shqbsdjatunl.com^$third-party,AVAILABILITY,origin.list,2021-01-13 20:50:00.789094
||sitti.co.id^$third-party,AVAILABILITY,origin.list,2021-01-13 20:50:04.150621
||situsiklanbaris.com^$third-party,AVAILABILITY,origin.list,2021-01-13 20:50:07.475804
||sumberiklan.com^$third-party,AVAILABILITY,origin.list,2021-01-13 20:50:10.867520
||suryaiklan.com^$third-party,AVAILABILITY,origin.list,2021-01-13 20:50:14.199333
||syndopop.com^$popup,AVAILABILITY,origin.list,2021-01-13 20:50:17.614568
||teliad.com^$third-party,AVAILABILITY,origin.list,2021-01-13 20:50:20.983506
||theclickers.net^$third-party,AVAILABILITY,origin.list,2021-01-13 20:50:24.311562
||tidnqztumpnk.com^$popup,AVAILABILITY,origin.list,2021-01-13 20:50:27.770106
||tinfunshe.club^$script,AVAILABILITY,origin.list,2021-01-13 20:50:31.223802
||tinggalklik.com^$third-party,AVAILABILITY,origin.list,2021-01-13 20:50:34.553976
||topklik.com^$third-party,AVAILABILITY,origin.list,2021-01-13 20:50:37.917098
||topsurfer.com^$third-party,AVAILABILITY,origin.list,2021-01-13 20:50:41.257582
||trendlope.com^$popup,AVAILABILITY,origin.list,2021-01-13 20:50:44.681522
||trendlope.com^$third-party,AVAILABILITY,origin.list,2021-01-13 20:50:48.017293
||tsyndolls.com^$popup,AVAILABILITY,origin.list,2021-01-13 20:50:51.351425
"||tummiarunzpf.com^$popup,third-party",AVAILABILITY,origin.list,2021-01-13 20:50:54.741063
||u-ad.info^,AVAILABILITY,origin.list,2021-01-13 20:50:58.098535
"||u-on.eu^$popup,third-party",AVAILABILITY,origin.list,2021-01-13 20:51:01.443458
||uadexchange.com^$third-party,AVAILABILITY,origin.list,2021-01-13 20:51:04.808016
||ueuodgnrhb.com^$popup,AVAILABILITY,origin.list,2021-01-13 20:51:08.187117
||ueuodgnrhb.com^$third-party,AVAILABILITY,origin.list,2021-01-13 20:51:11.539152
||uieoogjarimcey.com^$popup,AVAILABILITY,origin.list,2021-01-13 20:51:14.851775
||uieoogjarimcey.com^$script,AVAILABILITY,origin.list,2021-01-13 20:51:18.190721
"||uoarbhxfyygn.com^$popup,third-party",AVAILABILITY,origin.list,2021-01-13 20:51:21.534342
||uofmnbkm.com^$popup,AVAILABILITY,origin.list,2021-01-13 20:51:24.960248
||urt7bpvfz4am.com^$script,AVAILABILITY,origin.list,2021-01-13 20:51:28.332860
||useads.com^$third-party,AVAILABILITY,origin.list,2021-01-13 20:51:31.721232
||vidcpm.com^third-party,AVAILABILITY,origin.list,2021-01-13 20:51:35.055416
"||vrewpywootyu.com^$popup,third-party",AVAILABILITY,origin.list,2021-01-13 20:51:38.413301
||wbaogaqvrukprx.com^$popup,AVAILABILITY,origin.list,2021-01-13 20:51:41.749193
||webiklan.com^$third-party,AVAILABILITY,origin.list,2021-01-13 20:51:45.079296
||weblogiklan.com^$third-party,AVAILABILITY,origin.list,2021-01-13 20:51:48.438207
"||whjibbprhng.com^$popup,third-party",AVAILABILITY,origin.list,2021-01-13 20:51:51.794394
"||window-close.cf^$popup,third-party",AVAILABILITY,origin.list,2021-01-13 20:51:55.122118
"||window-close.ga^$popup,third-party",AVAILABILITY,origin.list,2021-01-13 20:51:58.545011
||x-tags.net^,AVAILABILITY,origin.list,2021-01-13 20:52:01.887089
||yesads.com^$third-party,AVAILABILITY,origin.list,2021-01-13 20:52:05.223013
||yhig.info^$third-party,AVAILABILITY,origin.list,2021-01-13 20:52:08.643208
"||yllix.com^$popup,third-party",AVAILABILITY,origin.list,2021-01-13 20:52:12.042731
||ys3e965d.top^$third-party,AVAILABILITY,origin.list,2021-01-13 20:52:15.388598
||yx-ads6.com^$third-party,AVAILABILITY,origin.list,2021-01-13 20:52:18.760949
||zukxd6fkxqn.com^$popup,AVAILABILITY,origin.list,2021-01-13 20:52:22.135245
||zuyejecgb.com^,AVAILABILITY,origin.list,2021-01-13 20:52:25.462958
||zuyejecgb.com^$popup,AVAILABILITY,origin.list,2021-01-13 20:52:28.796118
abpindo:src/advert/thirdparty.txt,AVAILABILITY,origin.list,2021-01-13 20:52:38.638664
||c-stat.eu^$third-party,AVAILABILITY,origin.list,2021-01-13 20:52:41.992864
||cfs1.uzone.id^$third-party,AVAILABILITY,origin.list,2021-01-13 20:52:45.310171
||hesftig.site^$third-party,AVAILABILITY,origin.list,2021-01-13 20:52:48.641834
"||ktrackdata.com^$popup,third-party",AVAILABILITY,origin.list,2021-01-14 01:15:52.963107
||moneyfree.co^$third-party,AVAILABILITY,origin.list,2021-01-14 01:15:56.338853
||track.aptitudemedia.co^$popup,AVAILABILITY,origin.list,2021-01-14 01:15:59.721159
||track.avxid.com^$third-party,AVAILABILITY,origin.list,2021-01-14 01:16:03.079969
||track.spzan.com^$popup,AVAILABILITY,origin.list,2021-01-14 01:16:06.500593
"||track.zerofriend.com^$popup,third-party",AVAILABILITY,origin.list,2021-01-14 01:16:09.857097
||trackdan.com^$popup,AVAILABILITY,origin.list,2021-01-14 01:16:13.207138
||tracker.beritagar.id^$third-party,AVAILABILITY,origin.list,2021-01-14 01:16:16.597938
||tracker.lazada.co.id^$third-party,AVAILABILITY,origin.list,2021-01-14 01:16:19.919795
||trackingclick.net^$popup,AVAILABILITY,origin.list,2021-01-14 01:16:23.235981
||trackingclick.net^$third-party,AVAILABILITY,origin.list,2021-01-14 01:16:26.553974
||traffic-monetizer.com^$third-party,AVAILABILITY,origin.list,2021-01-14 01:16:29.936342
"||trafficfactory.biz^$popup,third-party",AVAILABILITY,origin.list,2021-01-14 01:16:33.268298
"||trk.cpaoptimizer.com^$popup,third-party",AVAILABILITY,origin.list,2021-01-14 01:16:36.698679
||urnkawsxxh.com^$script,AVAILABILITY,origin.list,2021-01-14 01:16:40.121289
||xrqrpdxqpm.com^$script,AVAILABILITY,origin.list,2021-01-14 01:16:43.500017
abpindo:src/advert/general_block.txt,AVAILABILITY,origin.list,2021-04-01 16:45:29.534684
&adtype=$popup,AVAILABILITY,origin.list,2021-04-01 16:45:32.796675
-728-x-90-,AVAILABILITY,origin.list,2021-04-01 16:45:36.058203
-728-x-90.,AVAILABILITY,origin.list,2021-04-01 16:45:39.321116
-729-x-90.,AVAILABILITY,origin.list,2021-04-01 16:45:42.583089
-iklan.gif|,AVAILABILITY,origin.list,2021-04-01 16:45:45.843562
-iklan.jpg|,AVAILABILITY,origin.list,2021-04-01 16:45:49.106372
-iklan.js|,AVAILABILITY,origin.list,2021-04-01 16:45:52.367869
-popads.php|,AVAILABILITY,origin.list,2021-04-01 16:45:55.630362
-slot-iklan-,AVAILABILITY,origin.list,2021-04-01 16:45:58.892622
".bid^$popup,third-party",AVAILABILITY,origin.list,2021-04-01 16:46:02.154616
.biz/iklan/,AVAILABILITY,origin.list,2021-04-01 16:46:05.416752
.com/iklan/,AVAILABILITY,origin.list,2021-04-01 16:46:08.678702
.id/ads/$~object-subrequest,AVAILABILITY,origin.list,2021-04-01 16:46:11.941317
.id/adv/,AVAILABILITY,origin.list,2021-04-01 16:46:15.203559
.id/iklan/,AVAILABILITY,origin.list,2021-04-01 16:46:18.465756
.info/iklan/,AVAILABILITY,origin.list,2021-04-01 16:46:21.728641
.me/iklan/,AVAILABILITY,origin.list,2021-04-01 16:46:24.990080
.my/iklan/,AVAILABILITY,origin.list,2021-04-01 16:46:28.254198
.net/iklan/,AVAILABILITY,origin.list,2021-04-01 16:46:31.519000
.space/Banner/*.gif$image,AVAILABILITY,origin.list,2021-04-01 16:46:34.781706
.tv/iklan/,AVAILABILITY,origin.list,2021-04-01 17:26:37.139047
".win^$popup,third-party",AVAILABILITY,origin.list,2021-04-01 17:26:40.402140
/ads/iklan.,AVAILABILITY,origin.list,2021-04-01 17:26:43.667292
/ads_low.,AVAILABILITY,origin.list,2021-04-01 17:26:46.930287
/adsleft.$image,AVAILABILITY,origin.list,2021-04-01 17:26:50.193799
/adsterra.js|,AVAILABILITY,origin.list,2021-04-01 17:26:53.457360
/adtrace2.js|,AVAILABILITY,origin.list,2021-04-01 17:26:56.720489
/adv/iklan.,AVAILABILITY,origin.list,2021-04-01 17:26:59.983632
/banner-728px-,AVAILABILITY,origin.list,2021-04-01 17:27:03.246487
/banner_iklan/*,AVAILABILITY,origin.list,2021-04-01 17:27:06.509456
/bb17-iklan.,AVAILABILITY,origin.list,2021-04-01 17:27:09.773026
/iklancpm.,AVAILABILITY,origin.list,2021-04-01 17:27:13.036172
/images/iklan/*,AVAILABILITY,origin.list,2021-04-01 17:27:16.299007
/internetsehatdanamanfastnet.html|,AVAILABILITY,origin.list,2021-04-01 17:27:19.562636
/itugol.gif$image,AVAILABILITY,origin.list,2021-04-01 17:27:22.823966
"/plugins/soralink/*.js$script,domain=animebaru.in|animebatch.id|animebatch.web.id|anitoki.com|batch.id|maxnime.com",AVAILABILITY,origin.list,2021-04-01 17:27:26.089727
/revenuehits.js|,AVAILABILITY,origin.list,2021-04-01 17:27:29.354908
"/safelink$script,third-party",AVAILABILITY,origin.list,2021-04-01 17:27:32.618206
/SkinADkanan.,AVAILABILITY,origin.list,2021-04-01 17:27:35.881060
/SkinADkiri.,AVAILABILITY,origin.list,2021-04-01 17:27:39.143769
/smartfren/ads.,AVAILABILITY,origin.list,2021-04-01 17:27:42.409328
